Number,Sentence
1,굿/NNG 무당__01/NNG 이/JKS 노래/NNG 나/JC 춤__01/NNG (으)로/JKB 귀신__01/NNG 에게/JKB 치성__01/NNG 드리__01/VV 는/ETM 의식__04/NNG ./SF
2,수한/NNP 이/JKS 저/NP 의/JKG 손__01/NNG (으)로/JKB 저/NP 의/JKG 가슴__01/NNG 을/JKO 열__02/VV 었/EP 다/EF ./SF
3,그때/NNG 두/MM 카메라맨/NNG 이/JKS 인터컴/NNG (으)로/JKB 대화__06/NNG 를/JKO 하/VV ᆫ다/EF ./SF
4,이/NNP 선생__01/NNG 이/JKS 턱__01/NNG (으)로/JKB 배/NNP 선생__01/NNG 교실/NNG 을/JKO 가리키__01/VV 었/EP 다/EF ./SF
5,병경이/NNP 형__01/NNG 이/JKS 주먹/NNG (으)로/JKB 신랑__02/NNG 의/JKG 뺨/NNG 을/JKO 콱/MAG 쥐어박/VV 았/EP 다/EF ./SF
6,조/NNP 차장/NNG 이/JKS 손가락/NNG 끝__01/NNG (으)로/JKB 나/NP ᆯ/JKO 가리키__01/VV 었/EP 다/EF ./SF
7,효철/NNP 이/JKS 손등__01/NNG (으)로/JKB 다희/NNP 의/JKG 젖가슴/NNG 을/JKO 툭툭/MAG 건드리/VV 었/EP 다/EF ./SF
8,내/NP 참/IC 속__01/NNG (으)로/JKB 체증__01/NNG 이/JKS 나/VV 았/EP 지요/EF ./SF
9,저녁/NNG 차__06/NNG (으)로/JKB 내려가/VV 아/EC 보/VX 아야/EC 하/VX 겠/EP 어요/EF ./SF ]/SS
10,틀바느질/NNG 재봉틀/NNG (으)로/JKB 바느질/NNG 선__14/NNG 을/JKO 박/VV 는/ETM 일__01/NNG ./SF
11,중년__01/NNG 이/JKS 눈__01/NNG (으)로/JKB 대답/NNG 하/XSV 았/EP 고/EC 소년/NNG 이/JKS 묻__03/VV 었/EP 다/EF ./SF
12,그렇지만/MAJ 애쓰/VV 어/EC 명랑/NNG 하/XSA ᆫ/ETM 목소리/NNG (으)로/JKB 말__01/NNG 하/XSV 았/EP 다/EF ./SF
13,아버지/NNG 는/JX 크/VA ᆫ/ETM 소리__01/NNG (으)로/JKB 의기양양/NNG 하/XSA 게/EC 말__01/NNG 하/XSV 았/EP 다/EF ./SF
14,삼베/NNG 버선/NNG (으)로/JKB 땀__01/NNG 이/JKS 배어나/VV 오/EP ᆫ다/EF ./SF
15,달__05/NNG 님/XSN 이/JKS 엄마/NNG 목소리/NNG (으)로/JKB 가만히/MAG 부르/VV 었/EP 습니다/EF ./SF
16,두/MM 주먹/NNG (으)로/JKB 술상/NNG 을/JKO 내리치__01/VV 었/EP 다/EF ./SF
17,열쇠/NNG (으)로/JKB 꼭꼭__01/MAG 채우__03/VV 어/EC 두/VX 는/ETM 모습__01/NNG 들/XSN 이/VCP 다/EF ./SF
18,엄마/NNG 는/JX 기어코/MAG 옷고름/NNG (으)로/JKB 눈물__01/NNG 을/JKO 찍__02/VV 어/EC 내/VX 었/EP 다/EF ./SF
19,효철/NNP 은/JX 경멸/NNG 하/XSV 는/ETM 눈빛__01/NNG (으)로/JKB 정혜/NNP 를/JKO 쏘아보/VV 았/EP 다/EF ./SF
20,욕실/NNG 은/JX 수증기/NNG (으)로/JKB 가득/MAG 차__01/VV 았/EP 습니다/EF ./SF
21,토끼/NNG 들/XSN (/SS 한/MM 목소리/NNG (으)로/JKB )/SS 참꽃/NNG 이/JKS 피__01/VV 었/EP 구나/EF !/SF
22,거리__01/NNG 는/JX 연일__01/NNG 최루탄/NNG 연기__09/NNG (으)로/JKB 뒤덮이/VV 었/EP 다/EF ./SF
23,직공__02/NNG 들/XSN 이/JKS 기숙사/NNG (으)로/JKB 쓰__03/VV 던/ETM 방__07/NNG 도/JX ?/SF
24,화냥년/NNG ,/SP 갈보/NNG 년__01/NNB ,/SP 걸레짝/NNG (으)로/JKB 도/JX 못/MAG 쓰__03/VV ᆯ/ETM 년__01/NNB …/SE …/SE
25,그/NP 들/XSN 넷/NR 은/JX 모두/MAG 속__01/NNG (으)로/JKB 안도__02/NNG 의/JKG 한숨__02/NNG 을/JKO 내쉬/VV ᆫ다/EF ./SF
26,그/NP 는/JX 분노/NNG (으)로/JKB 치__12/NNG 를/JKO 떨__01/VV 었/EP 다/EF ./SF
27,한/NNP 목사__05/NNG 는/JX 교회__02/NNG 장비__07/NNG (으)로/JKB 직접/MAG 방송__01/NNG 도/JX 하/VV 았/EP 다/EF ./SF
28,토담/NNG 너메/NNG (으)로/JKB 끝순이/NNP 어메/NNG 가/JKS 얼매나/MAG 숭__01/NNG 을/JKO 보__01/VV 았/EP 다고야/EF ./SF
29,공업__01/NNG 용/XSN 재봉틀/NNG 한/MM 대__15/NNB (으)로/JKB 가게/NNG 문__05/NNG 을/JKO 열__02/VV ᆫ/ETM 정우성/NNP 씨/NNB ./SF
30,부겐빌레아/NNG 그늘/NNG ,/SP 흙/NNG (으)로/JKB 덮/VV 은/ETM 자리__01/NNG 는/JX 그대로/MAG 이/VCP 었/EP 다/EF ./SF
31,장모__01/NNG 가/JKS 수건/NNG (으)로/JKB 얼굴/NNG 을/JKO 감싸/VV 면서/EC 오열__08/NNG 하/XSV 았/EP 다/EF ./SF
32,온몸/NNG (으)로/JKB 그/NP 는/JX 바람__01/NNG 을/JKO 다/MAG 맞아들이/VV 고/EC 싶/VX 었/EP 다/EF ./SF
33,저/NP 는/JX 두/MM 손바닥/NNG (으)로/JKB 남편__01/NNG 의/JKG 두/MM 팔__01/NNG 을/JKO 감싸/VV 았/EP 지요/EF ./SF
34,완전히/MAG 콧구멍/NNG (으)로/JKB 스팀/NNG 뿜/VV 을/ETM 기세__01/NNG 이/VCP 네/EF ?/SF
35,뒷산/NNG 은/JX 어느새/MAG 연초록/NNG 새/MM 잎/NNG (으)로/JKB 덮이/VV 어/EC 있/VX 었/EP 다/EF ./SF
36,가르시아/NNP 는/JX 출입문/NNG 을/JKO 손가락/NNG (으)로/JKB 가리키__01/VV 었/EP 다/EF ./SF
37,그/NP 는/JX 속__01/NNG (으)로/JKB 중얼거리/VV ᆫ다/EF ./SF
38,드라이버/NNG (으)로/JKB 나사__01/NNG 를/JKO 풀/VV 어/EC 팬__02/NNG 을/JKO 해체__03/NNG 하/XSV ᆫ다/EF ./SF
39,진우/NNP 는/JX 속__01/NNG (으)로/JKB 수혜/NNP 의/JKG 말__01/NNG 을/JKO 되새기__01/VV 어/EC 보/VX 았/EP 다/EF ./SF
40,유태인/NNG 의/JKG 달력/NNG 은/JX 태음력/NNG 의/JKG 해__01/NNG (으)로/JKB 이루__01/VV 어/EC 지/VX ᆫ다/EF ./SF
41,하/VV 며/EC 조선말/NNG (으)로/JKB 이/NNP 서방__02/NNG 에게/JKB 명__05/NNG 하/XSV ᆫ다/EF ./SF
42,누구/NP 이/VCP ᆫ지/EC 발길/NNG (으)로/JKB 탁/MAG 차__02/VV ᆫ다/EF ./SF
43,첫째/NR 그냥/MAG 나이__01/NNG (으)로/JKB 회갑__02/NNG (/SS 回甲/SH )/SS 을/JKO 살__01/VV ᆫ/ETM 것/NNB ./SF
44,플라스틱/NNG (으)로/JKB 만들/VV ᆫ/ETM 샤베트기/NNG 는/JX 수입품__02/NNG 이/JKS 대부분/NNG 이/VCP 다/EF ./SF
45,{/SS 청구야담/NNP }/SS 의/JKG 이야기/NNG 를/JKO 중심__01/NNG (으)로/JKB 살펴보/VV 자/EF ./SF
46,생명/NNG 에/JKB 의지__04/NNG 하/XSV 고/EC ,/SP 생명/NNG 의/JKG 힘__01/NNG (으)로/JKB 살아가/VV 자/EF !/SF
47,더구나/MAG 나/NP 의/JKG 혼자__01/NNG 힘__01/NNG (으)로/JKB 벌__02/VV ᆫ/ETM 돈__01/NNG 이/JKC 아니/VCN ᆫ가/EF ./SF
48,도박__02/NNG 은/JX 단속__01/NNG (으)로/JKB 만/JX 되__01/VV 는/ETM 것/NNB 이/JKC 아니/VCN 다/EF ./SF
49,이/NP 를/JKO 팔/VV 아/EC 수도원/NNG 운영비/NNG (으)로/JKB 충당__01/NNG 하/XSV ᆫ다/EF ./SF
50,남자__02/NNG 는/JX 손__01/NNG (으)로/JKB 머리__01/NNG 를/JKO 비비/VV 며/EC 말__01/NNG 하/XSV 았/EP 다/EF ./SF
51,효철/NNP 은/JX 수건/NNG (으)로/JKB 땀__01/NNG 을/JKO 닦__01/VV 고/EC 있/VX 었/EP 다/EF ./SF
52,저/NP 의/JKG 집__01/NNG 을/JKO 누구/NP 가/JKS 동__15/NNB 호수__09/NNG (으)로/JKB 찾/VV 수/EF ?/SF
53,우리말/NNG (으)로/JKB 정확__01/NNG 하/XSA 게/EC 말__01/NNG 하/XSV 았/EP 구먼/EC 뭐/NP ᆯ/JKO 그러/VV 어/EF ./SF
54,적__13/NNG 을/JKO 공격__02/NNG 하/XSV ᆯ/ETM 때__01/NNG 는/JX 적__13/NNG 의/JKG 칼__01/NNG (으)로/JKB 치__02/VV 어라/EF ./SF
55,그리고/MAJ 그/MM 핏줄기/NNG 를/JKO 채찍/NNG (으)로/JKB 거머쥐/VV 고/EC 싶/VX 어/EC 하/VX ᆫ다/EF ./SF
56,오빠/NNG 가/JKS 밤중/NNG 에/JKB 전화__07/NNG (으)로/JKB 하/VV ᆫ/ETM 말__01/NNG 이/VCP 었/EP 다/EF ./SF
57,속__01/NNG (으)로/JKB 외치__01/VV 었/EP 다/EF ./SF
58,물__01/NNG 의/JKG 氣/SH 는/JX 음양__02/NNG (으)로/JKB 움직이/VV ᆫ다/EF ./SF
59,보통/NNG 도스킨/NNG ,/SP 개버딘/NNG ,/SP 서지__06/NNG 등/NNB 의/JKG 모직물/NNG (으)로/JKB 만들/VV ᆫ다/EF ./SF
60,나/NP 는/JX 기어들/VV 는/ETM 소리__01/NNG (으)로/JKB 말__01/NNG 하/XSV 았/EP 다/EF ./SF
61,앵도주/NNG 는/JX 루비/NNG 처럼/JKB 곱__02/VA ᆫ/ETM 빛/NNG (으)로/JKB 투명__02/NNG 하/XSA 았/EP 다/EF ./SF
62,김/NNP 선생/NNG 은/JX 감탄/NNG 의/JKG 눈__01/NNG (으)로/JKB 그/NP 를/JKO 다시/MAG 보__01/VV 았/EP 다/EF ./SF
63,맨/XPN 머리__01/NNG (으)로/JKB 유리창/NNG 을/JKO 들이받/VV 았/EP 으니/EF ./SF "/SS
64,동전__05/NNG (으)로/JKB 도/JX 잘/MAG 낫/VV 는다/EF ./SF
65,지우개/NNG (으)로/JKB 빡빡__01/MAG 지우__01/VV 어/EC 버리/VX 고/EC 싶/VX 은/ETM 헤드라인/NNG 이/VCP 었/EP 다/EF ./SF
66,아이라이너/NNG (으)로/JKB 촘촘히/MAG 채우__03/VV 도록/EC 하/VX ᆫ다/EF ./SF
67,유/NNP 간사__06/NNG 가/JKS 열띠/VA ᆫ/ETM 목소리/NNG (으)로/JKB 말__01/NNG 하/XSV 았/EP 다/EF ./SF
68,사람/NNG 들/XSN 은/JX 자동차/NNG (으)로/JKB 화해__02/NNG 가/VV 고/EC 있/VX 다/EF ./SF
69,실력__02/NNG (으)로/JKB 승부__03/NNG 를/JKO 겨루__01/VV 시/EP 어요/EF ./SF
70,그곳/NP 의/JKG 여성__01/NNG 은/JX 아예/MAG 천__01/NNG (으)로/JKB 온몸/NNG 을/JKO 덮/VV 어/EC 버리/VX ᄇ니다/EF ./SF
71,차미언/NNP 이/JKS 그/NP 의/JKG 엉덩이/NNG 를/JKO 발__01/NNG (으)로/JKB 뻥/NNG 차__02/VV 았/EP 다/EF ./SF
72,"/SS 선비/NNP 는/JX 몇/MM 번/NNB 이나/JX 입속/NNG (으)로/JKB 간난이/NNP 를/JKO 부르/VV 었/EP 다/EF ./SF
73,옷/NNG 과/JC 얼굴/NNG 이/JKS 바닥__01/NNG 의/JKG 먼지__01/NNG (으)로/JKB 시커메지/VV 었/EP 다/EF ./SF
74,그런데/MAJ 그/MM 안경__03/NNG (으)로/JKB 나/NP 는/JX 또/MAG 한/MM 가지/NNB 를/JKO 보__01/VV 았/EP 습니다/EF ./SF
75,나/NP 의/JKG 손__01/NNG (으)로/JKB 이__05/MM 어둠/NNG 을/JKO 파내/VV 리라/EF ./SF
76,이번__01/NNG 공연__02/NNG 도/JX 회심곡/NNP 을/JKO 중심__01/NNG (으)로/JKB 펼쳐지/VV ᆫ다/EF ./SF
77,나/NP 는/JX 그곳/NP 을/JKO 손__01/NNG (으)로/JKB 쓸__02/VV 어/EC 보/VX 았/EP 다/EF ./SF
78,경지/NNP 는/JX 크/VA ᆫ/ETM 소리__01/NNG (으)로/JKB 발악/NNG 하/XSV 고/EC 싶/VX 었/EP 다/EF ./SF
79,갑자기/MAG 승주/NNP 가/JKS 손가락/NNG (으)로/JKB 한/MM 줄__01/NNG 을/JKO 가리키__01/VV 었/EP 다/EF ./SF
80,영기/NNP 는/JX 거의/MAG 울음/NNG 에/JKB 가깝/VA ᆫ/ETM 목소리/NNG (으)로/JKB 말__01/NNG 하/XSV 았/EP 다/EF ./SF
81,학문__02/NNG 에서/JKB 진실__02/NNG 을/JKO 탐구__02/NNG 하/XSV 는/ETM 행위/NNG 는/JX 논리/NNG (으)로/JKB 이루어지/VV ᆫ다/EF ./SF
82,저/NP 들/XSN 의/JKG 식칼/NNG 테러/NNG 온몸/NNG (으)로/JKB 맞서/VV 었/EP 다/EF ./SF
83,무슨/MM 돈__01/NNG (으)로/JKB 나/NP 의/JKG 새끼__02/NNG 들/XSN 을/JKO 기르/VV 나/EF ?/SF
84,치즈/NNG (으)로/JKB 조리__09/NNG 하/XSV ᆯ/ETM 때__01/NNG 도/JX 저온/NNG 에서/JKB 천천히/MAG 익히__01/VV ᆫ다/EF ./SF
85,그/NP 는/JX 눈__01/NNG (으)로/JKB 웃/VV 으면서/EC 말__01/NNG 하/XSV 았/EP 다/EF ./SF
86,변기__01/NNG (으)로/JKB 받__01/VV 아/EC 내/VX 어야/EC 하/VX ᆫ다/EF ./SF
87,가와시마/NNP 의/JKG 영업/NNG 방법/NNG 은/JX 맨/XPN 발__01/NNG (으)로/JKB 뛰__02/VV 는/ETM 것/NNB ./SF
88,안__01/NNG (으)로/JKB 침묵/NNG 하/XSV 는/ETM 돌부처/NNG 같/VA 은/ETM 심성__01/NNG !/SF
89,어머니/NNG 는/JX 삯바느질/NNG (으)로/JKB 우리/NP 4/SN 남매/NNG 를/JKO 기르/VV 었/EP 다/EF ./SF
90,칼__01/NNG (으)로/JKB 해결__02/NNG 하/XSV 기/ETN 에/JKB 는/JX 무리__08/NNG 가/JKS 있/VV 었/EP 다/EF ./SF
91,경지/NNP 는/JX 속__01/NNG (으)로/JKB 중얼거리/VV 었/EP 다/EF ./SF
92,"/SS 네/IC ,/SP 대개__03/MAG 밤차/NNG (으)로/JKB 올라가/VV ᄇ니다/EF ./SF "/SS
93,*/SW "/SS 월드컵/NNG 을/JKO 한국/NNP 의/JKG 신명__01/NNG 무대__06/NNG (으)로/JKB 달구__01/VV ᆫ다/EC "/SS
94,그/MM 말__01/NNG 을/JKO 나/NP 의/JKG 입/NNG (으)로/JKB 통역/NNG 을/JKO 하/VV 았/EP 어/EF ./SF
95,나/NP 는/JX 창__09/NNG (으)로/JKB 병원__02/NNG 안__01/NNG 을/JKO 들여다보/VV 았/EP 다/EF ./SF
96,나/NP 는/JX 속__01/NNG (으)로/JKB 그렇/VA 게/EC 생각__01/NNG 하/XSV 았/EP 다/EF ./SF
97,다음__01/NNG 스케줄/NNG 은/JX 전화__07/NNG (으)로/JKB 연락__02/NNG 주/VV 시/EP 고/EF ./SF "/SS
98,우리/NP 마을__01/NNG 이용하/NNP 어른/NNG 은/JX 하루__01/NNG 를/JKO 술__01/NNG (으)로/JKB 보내/VV 시/EP ᆫ다/EF ./SF
99,방적__02/NNG 방적사/NNG 섬유/NNG (으)로/JKB 실__01/NNG 을/JKO 뽑/VV 아/EC 내/VX 는/ETM 일__01/NNG ./SF
100,그/NP 가/JKS 그녀/NP 의/JKG 허리__01/NNG 를/JKO 한/MM 팔__01/NNG (으)로/JKB 당기__01/VV 었/EP 다/EF ./SF
101,다만/MAG 젖가슴/NNG 을/JKO 두/MM 팔__01/NNG (으)로/JKB 감싸/VV 았/EP 다/EF ./SF
102,"/SS 공중전화/NNG (으)로/JKB 해보/VV 지/EF ./SF
103,벌레__01/NNG 는/JX 손__01/NNG (으)로/JKB 일일이__02/MAG 잡__01/VV 아/EC 내/VX ᆫ다/EF ./SF
104,무__02/NNG 당근/NNG 처럼/JKB 수세미__01/NNG (으)로/JKB 표면/NNG 의/JKG 흙/NNG 을/JKO 닦__01/VV 는다/EF ./SF
105,예리/NNP 는/JX 바다/NNP 의/JKG 글씨/NNG 를/JKO 손끝/NNG (으)로/JKB 더듬/VV 어/EC 보/VX 았/EP 다/EF ./SF
106,저녁/NNG 차__06/NNG (으)로/JKB 대구/NNP 에/JKB 가/VV 았/EP 다/EF ./SF
107,이/NP 에/JKB 대하__02/VV 아/EC 박재홍/NNP 도/JX 쿨바/NNP 와/JC 스트롱/NNP 에게/JKB 케이크/NNG (으)로/JKB 역공세/NNG ./SF
108,자/IC ,/SP 두/MM 손__01/NNG (으)로/JKB 술잔/NNG 을/JKO 받__01/VV 아라/EF ./SF "/SS
109,코__01/NNG (으)로/JKB 흙냄새/NNG 가/JKS 확/MAG 끼치__01/VV 어/EC 오/VX 았/EP 다/EF ./SF
110,김/NNP 선생__01/NNG 님/XSN 은/JX 학교/NNG 팀/NNG 선수__05/NNG (으)로/JKB 배구__06/NNG 를/JKO 하/VV 았/EP 습니다/EF ./SF
111,"/SS 아가__01/NNG 는/JX 어디/NP (으)로/JKB 낳__01/VV 는가/EF ?/SF "/SS 라고/JKQ
112,여러분/NP 뜨겁/VA ᆫ/ETM 박수__02/NNG (으)로/JKB 환영__02/NNG 하/XSV 아/EC 주/VX 시/EP ᄇ시오/EF ./SF "/SS
113,나/NP 는/JX 속__01/NNG (으)로/JKB 가만가만/MAG 노래__01/NNG 를/JKO 부르/VV 어/EC 보/VX 았/EP 다/EF ./SF
114,내/NP 남__01/NNG 의/JKG 제물__03/NNG (으)로/JKB 제사__07/NNG 를/JKO 지내/VV ᆫ다/EF ./SF
115,작업장/NNG (으)로/JKB 쓰__03/VV 던/ETM 마당/NNG 도/JX ?/SF
116,또/MAG 어떤/MM 여성__01/NNG 은/JX 핸커치프/NNG handkerchief/SL (으)로/JKB 무릎/NNG 을/JKO 덮/VV 는다/EF ./SF
117,나/NP 는/JX 눈__01/NNG (으)로/JKB 상주/NNP 를/JKO 찾/VV 았/EP 다/EF ./SF
118,아저씨/NNG 가/JKS 고추__01/NNG 밭/NNG 을/JKO 턱__01/NNG (으)로/JKB 가리키__01/VV 었/EP 습니다/EF ./SF
119,에어로빅/NNG 도/JX 건강__03/NNG 비디오/NNG (으)로/JKB 새롭/VA 게/EC 제작__02/NNG 되/XSV 어/EC 인기__01/NNG 이/VCP 다/EF ./SF
120,품이/NNP 는/JX 전화__07/NNG (으)로/JKB 묻__03/VV 었/EP 습니다/EF ./SF
121,그녀/NP 는/JX 손바닥/NNG (으)로/JKB 침대__02/NNG 위__01/NNG 를/JKO 쓸__02/VV 었/EP 다/EF ./SF
122,입/NNG 안__01/NNG (으)로/JKB 헤아리/VV 었/EP 다/EF ./SF
123,무전기/NNG (으)로/JKB 연락__02/NNG 이/JKS 들어오/VV 았/EP 다/EF ./SF
124,몽둥이/NNG (으)로/JKB 세간__01/NNG 도/JX 박살__01/NNG 을/JKO 내__02/VV 었/EP 다/EF ./SF
125,아침/NNG 8/SN 시/NNB 차__06/NNG (으)로/JKB 세/MM 사람/NNG 은/JX 떠나/VV 았/EP 다/EF ./SF
126,하기야/MAJ 마음속/NNG (으)로/JKB 는/JX 맛있/VA 다고/EC 생각__01/NNG 하/XSV 았/EP 다/EF ./SF
127,사내__01/NNG 는/JX 다시/MAG 손수건/NNG (으)로/JKB 안경__03/NNG 밑__01/NNG 을/JKO 누르/VV 었/EP 다/EF ./SF
128,곰이/NNP 는/JX 크/VA ᆫ/ETM 소리__01/NNG (으)로/JKB 말__01/NNG 하/XSV 았/EP 습니다/EF ./SF
129,대낮/NNG 의/JKG 길거리/NNG 에서/JKB 생선회/NNG 칼__01/NNG (으)로/JKB 사람/NNG 을/JKO 긋__01/VV 는/ETM 폭력배/NNG ./SF
130,나/NP 는/JX 도로변/NNG 의/JKG 가로수/NNG 를/JKO 발__01/NNG (으)로/JKB 걷어차/VV 았/EP 다/EF ./SF
131,작업실/NNG (으)로/JKB 는/JX 가장__01/MAG 작__01/VA 은/ETM 방__07/NNG 을/JKO 선택/NNG 하/XSV 았/EP 다/EF ./SF
132,"/SS 밥__01/NNG 도/JX 왼손/NNG (으)로/JKB 먹__02/VV 어요/EF ./SF "/SS
133,니나/NNP 는/JX 저/NP 의/JKG 발__01/NNG (으)로/JKB 아파트/NNG 를/JKO 찾아오/VV 았/EP 다/EF ./SF
134,하고/JKQ 동식이/NNP 는/JX 발길/NNG (으)로/JKB 차__02/VV 았/EP 다/EF ./SF
135,그리고/MAJ 입/NNG 과/JC 눈__01/NNG 은/JX 테이프/NNG (으)로/JKB 막히/VV 어/EC 있/VX 었/EP 다/EF ./SF
136,이모__02/NNG 는/JX 속__01/NNG (으)로/JKB 빌__01/VV 었/EP 습니다/EF ./SF
137,인터넷/NNG 과/JC 전화__07/NNG 주문__04/NNG (으)로/JKB 품귀/NNG 현상__04/NNG 을/JKO 빚/VV 을/ETM 정도__11/NNG 이/VCP 다/EF ./SF
138,재영이/NNP 는/JX 입/NNG 속__01/NNG (으)로/JKB 한/MM 번/NNB 외__02/VV 어/EC 보/VX ᄇ니다/EF ./SF
139,꺼지__01/VV ᆯ/ETM 듯/NNB 하/XSA ᆫ/ETM 목소리/NNG (으)로/JKB 말__01/NNG 하/XSV 았/EP 다/EF ./SF
140,형__01/NNG 이/JKS 다시/MAG 나직/XR 하/XSA ᆫ/ETM 목소리/NNG (으)로/JKB 꾸짖/VV 었/EP 다/EF ./SF
141,그녀/NP 는/JX 턱__01/NNG (으)로/JKB 책__01/NNG 을/JKO 누르/VV ᆫ/ETM 채__09/NNB 말__01/NNG 하/XSV 았/EP 다/EF ./SF
142,은__04/NNG 실__01/NNG 거미줄/NNG (으)로/JKB 방벽/NNG 을/JKO 이루__01/VV ᆫ/ETM 구멍/NNG 을/JKO 조사__30/NNG 하/XSV ᆫ다/EF ./SF
143,물론/MAG 경륜__02/NNG 만/JX (으)로/JKB 모든/MM 문제__06/NNG 가/JKS 풀리/VV 는/ETM 것/NNB 은/JX 아니/VCN 다/EF ./SF
144,채팅/NNG 이나/JC 헌팅/NNG (으)로/JKB 남자__02/NNG 들/XSN 을/JKO 만나/VV 는/ETM 것/NNB 이/VCP 다/EF ./SF
145,해미/NNP 가/JKS 잠기__01/VV ᆫ/ETM 소리__01/NNG (으)로/JKB 말__01/NNG 하/XSV 았/EP 다/EF ./SF
146,니/NP 눈__01/NNG (으)로/JKB 한번/NNG 보__01/VV 아라/EF ./SF "/SS
147,총구/NNG (으)로/JKB 대화__06/NNG 를/JKO 나누/VV 는/ETM 시대__02/NNG 이/VCP 니까요/EF ./SF "/SS
148,그것/NP 은/JX 눈__01/NNG (으)로/JKB 보/VV 는/ETM 힘__01/NNG 이/VCP 다/EF ./SF
149,"/SS 밥풀때기/NNG (으)로/JKB 맹글/VV 었/EP 습니다/EF ./SF "/SS
150,트럭/NNG 기사__02/NNG 는/JX 휴게소/NNG 쪽__05/NNB (으)로/JKB 걸어가/VV 았/EP 지/EF ./SF
151,저/NP 혼자__01/NNG 만/JX 의/JKG 힘__01/NNG (으)로/JKB 이루__01/VV ᆫ/ETM 것/NNB 이/JKS 아니/VCN ᄇ니다요/EF ./SF
152,입찬소리/NNG (으)로/JKB 훈계__01/NNG 하/XSV 는/ETM 편__04/NNB 이/JKS 낫__02/VA 았/EP 다/EF ./SF
153,내/NP 가/JKS 다시/MAG 볼멘소리/NNG (으)로/JKB 중얼거리/VV 자/EC ,/SP
154,뽕나무/NNG (으)로/JKB 시험__03/NNG 을/JKO 삼__02/VV 자/EF ./SF "/SS
155,힘__01/NNG (으)로/JKB 다스리/VV 는/ETM 독재/NNG 권력__02/NNG 도/JX 언제나/MAG 민주__02/NNG 를/JKO 가장__11/NNG 하/XSV ᄇ니다/EF ./SF
156,떡__01/NNG 은/JX 입/NNG (으)로/JKB 먹__02/VV 는다/EF ./SF
157,그러나/MAJ 그/NP 는/JX 더욱/MAG 크/VA ᆫ/ETM 소리__01/NNG (으)로/JKB 말__01/NNG 하/XSV 았/EP 다/EF ./SF
158,"/SS 라디오/NNG (으)로/JKB 이미/MAG 듣__01/VV 었/EP 네/EF ./SF "/SS
159,이미정/NNP 은/JX 혼신__02/NNG 을/JKO 다/MAG 하/XSV 아/EC 속__01/NNG (으)로/JKB 외치__01/VV 었/EP 다/EF ./SF
160,그/MM 참상__04/NNG 을/JKO 나/NP 의/JKG 입/NNG (으)로/JKB 알리/VV 고/EC 싶/VX 었/EP 다/EF ./SF
161,상덕/NNP 은/JX 큰소리__01/NNG (으)로/JKB 묻__03/VV 었/EP 다/EF ./SF
162,11/SN 시/NNB 반__07/NNG 에/JKB 버스__02/NNG (으)로/JKB 학교/NNG 를/JKO 떠나/VV 았/EP 다/EF ./SF
163,할아버지/NNG 는/JX 마음__01/NNG 속__01/NNG (으)로/JKB 몇/MM 번/NNB 이/VCP 고/EC 빌__01/VV 었/EP 다/EF ./SF
164,그리고/MAJ 마음__01/NNG 속__01/NNG (으)로/JKB 답__03/NNG 을/JKO 정하__03/VV 시/EP 어요/EF ./SF
165,그녀/NP 는/JX 먼지떨이/NNG (으)로/JKB 그/NP 의/JKG 어깨__01/NNG 를/JKO 툭툭/MAG 때리__01/VV 었/EP 다/EF ./SF
166,나/NP 는/JX 크/VA ᆫ/ETM 소리__01/NNG (으)로/JKB 말__01/NNG 하/XSV 았/EP 다/EF ./SF
167,나/NP 의/JKG 속__01/NNG (으)로/JKB 낳__01/VV ᆫ/ETM 자식__01/NNG 도/JX 마찬가지/NNG 이/VCP 다/EF ./SF
168,청년/NNG 은/JX 속__01/NNG (으)로/JKB 경관__06/NNG 이/VCP 거니/EC 는/JX 하/VV 면서/EC 도/JX ,/SP
169,선비/NNP 는/JX 짚신/NNG (으)로/JKB 눈__01/NNG 을/JKO 옮기/VV 었/EP 다/EF ./SF
170,환경__02/NNG 문제__06/NNG 는/JX 시민운동/NNG (으)로/JKB 해결__02/NNG 하/XSV ᆯ/ETM 수__02/NNB 있/VV 다/EF ./SF
171,우백질/NNG 편마암/NNG 은/JX 석영__02/NNG 과/JC 장석__02/NNG (으)로/JKB 만/JX 되__01/VV 어/EC 있/VX 다/EF ./SF
172,상모/NNP 는/JX 혓바닥/NNG (으)로/JKB 입천장/NNG 을/JKO 더듬/VV 어/EC 보/VX 았/EP 다/EF ./SF
173,하고/JKQ 입/NNG 안__01/NNG (으)로/JKB 가만히/MAG 부르/VV 어/EC 보/VX 았/EP 다/EF ./SF
174,곡물/NNG (으)로/JKB 키우/VV ᆫ/ETM 살코기/NNG 식단__01/NNG 은/JX 대단히/MAG 비/XPN 효율/NNG 적/XSN 이/VCP 다/EF ./SF
175,지휘봉/NNG (으)로/JKB 보면대/NNP (/SS 譜面臺/SH )/SS 를/JKO 똑똑똑똑/MAG 치__02/VV 면서/EC '/SS 라르고__01/NNG !/SF
176,순정__03/NNG 의/JKG 너/NP 의/JKG 가슴__01/NNG 을/JKO 대패__01/NNG (으)로/JKB 팍팍__01/MAG 밀__01/VV 었/EP 구나/EF ./SF
177,털실/NNG (으)로/JKB 짜__01/VV ᆫ/ETM 조끼__01/NNG 이/VCP 었/EP 다/EF ./SF
178,모스크바/NNP 에서/JKB 기차__01/NNG (으)로/JKB 레닌그라드/NNP 에/JKB 내리/VV 었/EP 다/EF ./SF
179,오늘/NNG 은/JX 저녁/NNG 차__06/NNG (으)로/JKB 돌아가/VV 아야지/EF ./SF
180,나/NP 는/JX 속__01/NNG (으)로/JKB 중얼거리/VV 었/EP 다/EF ./SF
181,인류__01/NNG 는/JX 이/MM 생명/NNG 의/JKG 제사__07/NNG (으)로/JKB 살아오/VV 았/EP 습니다/EF ./SF
182,주먹/NNG (으)로/JKB 두드리/VV 었/EP 다/EF ./SF
183,경지/NNP 핸드폰/NNG (으)로/JKB 전화__07/NNG 를/JKO 걸__02/VV 어/EC 보/VX ᆯ까/EF ?/SF
184,땅말벌/NNG 은/JX 때때로/MAG 모래알/NNG 을/JKO 입/NNG (으)로/JKB 골라내/VV 고/EC 있/VX 다/EF ./SF
185,언니/NNG 는/JX 이녁/NNG 오목/MAG 가슴__01/NNG 을/JKO 주먹/NNG (으)로/JKB 콩콩/NNG 찧/VV 는다/EF ./SF
186,아빠/NNG 가/JKS 손가락/NNG (으)로/JKB 가리키__01/VV 었/EP 습니다/EF ./SF
187,"/SS 이것/NP (으)로/JKB 매일/MAG 아침/NNG 에/JKB 이__03/NNG 를/JKO 닦__01/VV 으시/EP 오/EF ./SF
188,계단__04/NNG 을/JKO 오르/VV 면서/EC 수혜/NNP 가/JKS 큰소리__01/NNG (으)로/JKB 말__01/NNG 하/XSV 았/EP 다/EF ./SF
189,바닥__01/NNG 이/JKS 온통/MAG 탄가루/NNG (으)로/JKB 범벅/NNG 이/JKC 되__01/VV ᆫ/ETM 진탕__01/NNG 이/VCP 었/EP 다/EF ./SF
190,오빠/NNG 의/JKG 손__01/NNG (으)로/JKB 묻__02/VV 어/EC 주/VX 시/EP ᄇ시오/EF ./SF
191,통일__02/NNG 전망대/NNG 도/JX 자동차/NNG (으)로/JKB 30/SN 분__08/NNB 내외__01/NNG 거리__08/NNG 에/JKB 있/VV 다/EF ./SF
192,과천시/NNP 바닥__01/NNG 은/JX 주로/MAG 편마암/NNG (으)로/JKB 되__01/VV 어/EC 있/VX 다/EF ./SF
193,이/MM 때__01/NNG 현수/NNP 가/JKS 낮/VA 은/ETM 소리__01/NNG (으)로/JKB 말__01/NNG 하/XSV 았/EP 다/EF ./SF
194,어머니/NNG 톳제비/NNG 가/JKS 더/MAG 크/VA ᆫ/ETM 소리__01/NNG (으)로/JKB 말__01/NNG 하/XSV 았/EP 습니다/EF ./SF
195,이/NR 단__06/NNG 옆/NNG 차기__01/NNG (으)로/JKB 형기/NNP 의/JKG 뒤통수/NNG 를/JKO 노리__01/VV 었/EP 다/EF ./SF
196,나/NP 는/JX 떨리__01/VV 는/ETM 소리__01/NNG (으)로/JKB 말__01/NNG 하/XSV 았/EP 다/EF ./SF
197,그/MM 위__01/NNG 를/JKO 지우개/NNG (으)로/JKB 문지르/VV 어/EC 보/VX 자/EF ./SF
198,나/NP 는/JX 혼잣속/NNG (으)로/JKB 중얼거리/VV ᆫ다/EF ./SF
199,무한/NNG 수열__02/NNG (으)로/JKB 증가__01/NNG 하/XSV ᆯ/ETM 수__02/NNB 있/VV 는/ETM 다운/NNG 라인/NNG 들/XSN ./SF
200,납__01/NNG (으)로/JKB 라디오/NNG 나/JC 카세트/NNG 의/JKG 볼륨/NNG 구멍/NNG 을/JKO 때우__01/VV ᆫ다/EF ./SF
201,기계__07/NNG (으)로/JKB 뽑/VV 는/ETM 것/NNB 이/JKC 아니/VCN 다/EF ./SF
202,나/NP 는/JX 속__01/NNG (으)로/JKB 되뇌/VV 었/EP 다/EF ./SF
203,송피죽/NNG 과/JC 치가루/NNG 떡__01/NNG (으)로/JKB 숨결/NNG 이/JKS 이어지/VV 었/EP 습니다/EF ./SF
204,기화기/NNG ,/SP 실린더부/NNG ,/SP 점화__02/NNG 장치__07/NNG (으)로/JKB 이루__01/VV 어/EC 지/VX 어/EC 있/VX 다/EF ./SF
205,그리고/MAJ 는/JX 두/MM 팔__01/NNG (으)로/JKB 그녀/NP 의/JKG 허리__01/NNG 를/JKO 감__03/VV 았/EP 다/EF ./SF
206,진주/NNP (으)로/JKB 다이얼/NNG 을/JKO 돌리__04/VV 었/EP 다/EF ./SF
207,그것/NP 이/JKS 이/MM 항아리/NNG (으)로/JKB 가득/MAG 차__01/VV 았/EP 던/ETM 것/NNB 이/VCP 다/EF ./SF
208,끈/NNG 도/JX 두/MM 줄__01/NNG 끈/NNG (으)로/JKB 바뀌/VV 었/EP 다/EF ./SF
209,"/SS 야/IC ,/SP 참말로/MAG 밥풀때기/NNG (으)로/JKB 맹글/VV 었/EP 능갑다/EF ./SF "/SS
210,차미언/NNP 이/JKS 혀__01/NNG 꼬이__03/VV ᆫ/ETM 소리__01/NNG (으)로/JKB 말__01/NNG 하/XSV 았/EP 다/EF ./SF
211,나/NP 는/JX 오른손/NNG (으)로/JKB 그녀/NP 를/JKO 더듬/VV 었/EP 다/EF ./SF
212,생선묵/NNG 생선/NNG (으)로/JKB 만들/VV ᆫ/ETM 식품__01/NNG 의/JKG 한/MM 가지/NNB ./SF
213,품이/NNP 는/JX 기어들/VV 어/EC 가/VX 는/ETM 소리__01/NNG (으)로/JKB 대답/NNG 하/XSV 았/EP 습니다/EF ./SF
214,그러나/MAJ 나/NP 는/JX 속__01/NNG (으)로/JKB 만/JX 그래/IC 잘/MAG 들/XSN 하/VV 아/EC 보/VX 아라/EF ./SF
215,옆눈/NNG (으)로/JKB 그것/NP ᆯ/JKO 보__01/VV 면서/EC 동준/NNP 은/JX 행복__02/NNG 하/XSA 았/EP 다/EF ./SF
216,서연/NNP 은/JX 영모/NNP 의/JKG 눈__01/NNG (으)로/JKB 그런/MM 윤지/NNG 를/JKO 보__01/VV 았/EP 다/EF ./SF
217,카메라/NNG (으)로/JKB 세상__01/NNG 을/JKO 다시/MAG 보__01/VV 아/EF ./SF
218,더구나/MAG 안동/NNP 에서/JKB 택시/NNG (으)로/JKB 여기/NP 까지/JX 오/VV 았/EP 단다/EF ./SF
219,하나/NR ,/SP 과즙/NNG (으)로/JKB 연하/VA 게/EC 하/VX ᆫ다/EF ./SF
220,주로/MAG 자수__08/NNG 나/JC 금박__01/NNG (으)로/JKB 많이/MAG 표현/NNG 하/VV 았/EP 다/EF ./SF
221,나/NP 는/JX 손바닥/NNG (으)로/JKB 이마__01/NNG 를/JKO 딱__03/MAG 올려붙이/VV 었/EP 다/EF ./SF
222,'/SS 천/NR 원__01/NNB (으)로/JKB 무엇/NP ᆯ/JKO 먹__02/VV 지/EF ?/SF
223,지구__04/NNG 가/JKS 아스팔트/NNG (으)로/JKB 뒤덮이/VV 어/EC 있/VX 는/ETM 것/NNB 만/JX 은/JX 아니/VCN 다/EF ./SF
224,홍두깨/NNG (으)로/JKB 내려찍/VV 어야지/EF !/SF "/SS
225,방송__01/NNG 은/JX 과연__01/MAG 입/NNG (으)로/JKB 만/JX 하/VV 는/ETM 것/NNB 이/VCP ᆯ까/EF ?/SF
226,이/MM 두/MM 탑__02/NNG 은/JX 물론/MAG 돌/NNG (으)로/JKB 되__01/VV ᆫ/ETM 것/NNB 이/VCP 다/EF ./SF
227,몰딩/NNG 부분__01/NNG 을/JKO 칼__01/NNG (으)로/JKB 도려내/VV 어/EC 깔끔/XR 하/XSA 게/EC 정리__09/NNG 하/XSV ᆫ다/EF ./SF
228,속__01/NNG (으)로/JKB 는/JX 쾌재/NNG 를/JKO 부르/VV 고/EC 있/VX 었/EP 다/EF ./SF
229,소년/NNG 은/JX 두/MM 손__01/NNG (으)로/JKB 물__01/NNG 속__01/NNG 의/JKG 얼굴/NNG 을/JKO 움키/VV 었/EP 다/EF ./SF
230,규혁/NNP 이/JKS 낮/VA 은/ETM 목소리/NNG (으)로/JKB 대신__03/NNG 대답/NNG 하/XSV 았/EP 다/EF ./SF
231,차라리/MAG 손바닥/NNG (으)로/JKB 하늘/NNG 을/JKO 가리__02/VV 지/EF ./SF
232,새벽__01/NNG 차__06/NNG (으)로/JKB 대구/NNP 에/JKB 가/VV 았/EP 다/EF ./SF
233,온갖/MM 스트레스/NNG 를/JKO 친구__02/NNG 들/XSN 과/JKB 수다__01/NNG (으)로/JKB 풀/VV 곤/EC 하/VX 지요/EF ./SF
234,브이__01/NNG 블록__02/NNG 주철/NNG (으)로/JKB 만들/VV ᆫ/ETM V/SW 자__x14/NNB 모양__02/NNG 의/JKG 틀__01/NNG ./SF
235,영달이/NNP 도/JX 기어들/VV 는/ETM 목소리/NNG (으)로/JKB 말__01/NNG 하/XSV 았/EP 다/EF ./SF
236,남편__01/NNG 이/JKS 책꽂이/NNG 뒤__01/NNG 를/JKO 우산__01/NNG 끝/NNG (으)로/JKB 쿡쿡/MAG 누르/VV 었/EP 다/EF ./SF
237,손__01/NNG (으)로/JKB 이마__01/NNG 를/JKO 만지/VV 어/EC 보/VX 았/EP 습니다/EF ./SF
238,나/NP 는/JX 생뚱/XR 하/XSA ᆫ/ETM 소리__01/NNG (으)로/JKB 환성__05/NNG 을/JKO 지르__03/VV 었/EP 다/EF ./SF
239,그리고/MAJ 그/NP 는/JX 느닷없이/MAG 손가락/NNG (으)로/JKB V/SL 사인__14/NNG 을/JKO 그리__02/VV 었/EP 다/EF ./SF
240,"/SS 오늘/MAG 밤__01/NNG 배__02/NNG (으)로/JKB 가/VV 시/EP ᄇ니까/EF ?/SF "/SS
241,나/NP 의/JKG 두/MM 눈__01/NNG (으)로/JKB 똑똑히/MAG 보__01/VV 았/EP 다/EF ./SF
242,나/NP 는/JX 속__01/NNG (으)로/JKB 묻__03/VV 었/EP 다/EF ./SF
243,속__01/NNG (으)로/JKB 되뇌/VV 었/EP 다/EF ./SF
244,볍씨/NNG 가마니/NNG 를/JKO 솔가지/NNG (으)로/JKB 덮/VV 어/EC 두/VX ᆫ다/EF ./SF
245,"/SS 지금__03/MAG 전화__07/NNG 상/XSN (으)로/JKB 말씀/NNG 드리__01/VV 기/ETN 난처/XR 하/XSA ᄇ니다/EF ./SF
246,필터/NNG 는/JX 물__01/NNG (으)로/JKB 씻/VV 어/EC 주/VX ᆫ다/EF ./SF
247,그저께/NNG 나/NP 는/JX </SS 겨울밤/NNP >/SS (으)로/JKB 은지/NNP 를/JKO 찾아가/VV 았/EP 더랬다/EF ./SF
248,온누리/NNG 가/JKS 눈__04/NNG (으)로/JKB 덮이/VV 어/EC 있/VX 다/EF ./SF
249,약간/NNG 의/JKG 설탕/NNG (으)로/JKB 간__01/NNG 을/JKO 하/VV ᆫ다/EF ./SF
250,주위__02/NNG 는/JX 온통/MAG 책__01/NNG (으)로/JKB 둘러싸이/VV 어/EC 있/VX 었/EP 다/EF ./SF
251,"/SS 임마/IC ,/SP 울타리/NNG 구멍/NNG (으)로/JKB 엿보/VV 지/EC 말/VX 어/EF ./SF "/SS
252,호랑이/NNG (/SS 더/MAG 크/VA ᆫ/ETM 소리__01/NNG (으)로/JKB )/SS 정말/NNG 이/VCP 냐/EF !/SF
253,주혜/NNP 에게/JKB 눈짓/NNG (으)로/JKB 신호__01/NNG 하/XSV 니/EC 주혜/NNP ,/SP 웃/VV 는다/EF ./SF
254,아이__01/NNG 는/JX 주먹/NNG (으)로/JKB 눈__01/NNG 께/XSN 를/JKO 문지르/VV 었/EP 다/EF ./SF
255,그것/NP 이/JKS 입/NNG (으)로/JKB 먹__02/VV 는/ETM 거/NNB 이/VCP 냐/EF ?/SF
256,마이크/NNG (으)로/JKB 스튜디오/NNG 를/JKO 넘기/VV ᄇ니다/EF !/SF "/SS (/SS
257,눈__01/NNG (으)로/JKB 책__01/NNG 을/JKO 읽/VV 을/ETM 경우__03/NNG 를/JKO 가정__07/NNG 하/XSV 아/EC 보/VX 자/EF ./SF
258,그것/NP ᆯ/JKO 얼른/MAG 손등__01/NNG (으)로/JKB 문지르/VV 었/EP 습니다/EF ./SF
259,집안__01/NNG 은/JX 온통/MAG 꾸리__01/VV 어/EC 놓/VX 은/ETM 이삿짐/NNG (으)로/JKB 시끈버끈/MAG 하/XSA 았/EP 다/EF ./SF
260,"/SS 어제/MAG 낮차/NNG (으)로/JKB 오/VV 았/EP 습니다/EF ./SF
261,종근이/NNP 아버지/NNG 는/JX 약__07/NNG 상자__10/NNG 를/JKO 손__01/NNG (으)로/JKB 떠다밀/VV 었/EP 습니다/EF ./SF
262,그것/NP 이/JKS 맨/XPN 입/NNG (으)로/JKB 되__01/VV 니/EF ?/SF "/SS
263,10/SN 시/NNB 50/SN 분__08/NNB 차__06/NNG (으)로/JKB 돌아오/VV 았/EP 다/EF ./SF
264,작가__01/NNG 가/JKC 손가락/NNG (으)로/JKB 가리키__01/VV 었/EP 다/EF ./SF
265,아버지/NNG 는/JX 엄격/XR 하/XSA 았/EP 고/EC 책력/NNG (으)로/JKB 농사__01/NNG 를/JKO 짓__01/VV 었/EP 다/EF ./SF
266,마을__01/NNG 회관/NNG 옆쪽/NNG 의/JKG 시멘트/NNG (으)로/JKB 포장__10/NNG 되/XSV ᆫ/ETM 소로__01/NNG 를/JKO 따라가/VV ᆫ다/EF ./SF
267,나/NP 는/JX 손가락/NNG (으)로/JKB 허벅다리/NNG 의/JKG 살__01/NNG 을/JKO 꼬집/VV 어/EC 보/VX 았/EP 다/EF ./SF
268,재목__01/NNG 은/JX 기구재/NNG 나/JC 땔감/NNG (으)로/JKB 쓰이__03/VV ᆫ다/EF ./SF
269,어떤/MM 신사__16/NNG 가/JKS 장거리__03/NNG 전화__07/NNG (으)로/JKB 아내__01/NNG 와/JC 통화__04/NNG 를/JKO 하/VV 았/EP 다/EF ./SF
270,아/IC ,/SP 무슨/MM 말__01/NNG (으)로/JKB 아버지/NNG 를/JKO 설득/NNG 하/XSV ᆯ/ETM 수__02/NNB 있/VV 을까/EF ?/SF
271,두/MM 손__01/NNG (으)로/JKB 들/XSN 움키/VV 어/EC 보/VX ᆫ다/EF ./SF
272,과장__07/NNG 이/JKS 낮/VA 은/ETM 목소리/NNG (으)로/JKB 말__01/NNG 하/XSV 았/EP 다/EF ./SF
273,테크노/NNG 픽션/NNG 은/JX 컴퓨터/NNG (으)로/JKB 쓰__01/VV 는/ETM 소설__03/NNG 이/VCP 다/EF ./SF
274,도시__03/NNG 고/JC 시골/NNG 이고/JC 방방곡곡/NNG 이/JKS 노래__01/NNG (으)로/JKB 가득/MAG 차__01/VV 았/EP 다/EF ./SF
275,교무실/NNG 에서/JKB 고지서/NNG 를/JKO 라이타/NNG (으)로/JKB 불태우/VV 어/EC 버리/VX 었었/EP 다/EF ./SF
276,"/SS 이__05/MM 사과__05/NNG (으)로/JKB 저녁/NNG 을/JKO 때우__01/VV 어야지/EF ./SF "/SS
277,아이__01/NNG 가/JKS 한쪽/NNG 주먹/NNG (으)로/JKB 눈가/NNG 를/JKO 씻/VV 었/EP 다/EF ./SF
278,소금__01/NNG (으)로/JKB 간하__01/VV ᆫ다/EF ./SF
279,바로/MAG 이__05/MM 펜/NNG (으)로/JKB 이__05/MM 글/NNG 을/JKO 쓰__01/VV 고/EC 있/VX 다/EF ./SF
280,우리/NP 군__06/NNG 에서/JKB 도/JX 대절__04/NNG 버스/NNG (으)로/JKB 3/SN 대__15/NNB 가/JKS 올라가/VV 았/EP 다/EF ./SF
281,소설__03/NNG 을/JKO 중심__01/NNG (으)로/JKB 하/VV ᆫ/ETM 것/NNB 도/JX 그런/MM 이유__04/NNG 에서/JKB 이/VCP 다/EF ./SF
282,이만/XR 하/XSA ᆫ/ETM 장처__01/NNG (으)로/JKB 부질없이/MAG 낙맥__88/NNG 을/JKO 하/VV 다니/EF ./SF
283,아내__01/NNG 가/JKS 앵돌아지/VV ᆫ/ETM 목소리/NNG (으)로/JKB 말__01/NNG 하/XSV 았/EP 다/EF ./SF
284,나/NP 는/JX 외지인/NNG 의/JKG 눈__01/NNG (으)로/JKB 거리__01/NNG 를/JKO 보__01/VV 고/EC 있/VX 었/EP 다/EF ./SF
285,시간__04/NNG 마다/JX 방송__01/NNG 되/XSV 는/ETM 라디오/NNG 뉴스/NNG (으)로/JKB 꼬박꼬박__02/MAG 듣__01/VV 었/EP 다/EF ./SF
286,유리__10/NNG (으)로/JKB 만들/VV 어/EC 지/VX ᆫ/ETM 세상__01/NNG
287,몸__01/NNG (으)로/JKB 때우__01/VV 는/ETM 것/NNB 이/VCP 다/EF ./SF
288,밥__01/NNG 은/JX 새옹/NNG 이/VCP 라는/ETM 놋쇠/NNG 솥/NNG (으)로/JKB 녹음메/NNG 를/JKO 짓__01/VV 는다/EF ./SF
289,신철이/NNP 는/JX 속__01/NNG (으)로/JKB 놀라/VV 았/EP 다/EF ./SF
290,경인로/NNP 와/JC 남부순환도로/NNP 도/JX 승용차/NNG (으)로/JKB 각각/MAG 5/SN 분__08/NNB 걸리__01/VV ᆫ다/EF ./SF
291,이놈/NP 이/JKS 나/NP 를/JKO 술__01/NNG (으)로/JKB 죽이__01/VV 어/EC 버리/VX ᆯ/ETM 작정__01/NNG 이/VCP ᆫ가/EF ?/SF
292,그리고/MAJ 나/NP 는/JX 손수건/NNG (으)로/JKB 벌__03/NNG 을/JKO 멀리/MAG 쫓/VV 아/EC 버리/VX 었/EP 다/EF ./SF
293,표주박/NNG (으)로/JKB 물__01/NNG 을/JKO 받__01/VV 았/EP 다/EF ./SF
294,이스탄불/NNP 구/XPN 도시__03/NNG 는/JX 지금__03/NNG 도/JX 성벽__02/NNG (으)로/JKB 둘러싸이/VV 어/EC 있/VX 습니다/EF ./SF
295,결혼식/NNG 첫날밤/NNG 에/JKB 등잔불/NNG 을/JKO 입/NNG (으)로/JKB 끄__01/VV 지/EC 않/VX 는다/EC
296,주방__05/NNG 에서/JKB 셰프/NNG 가/JKS 큰소리__01/NNG (으)로/JKB 외치__01/VV 었/EP 다/EF ./SF
297,"/SS 나/NP 요새__01/NNG 포스타/NNG 권/XSN (으)로/JKB 영화__01/NNG 보__01/VV ᆫ단다/EF ./SF
298,나/NP 는/JX 혼잣속/NNG (으)로/JKB 빌__01/VV ᆫ다/EF ./SF
299,나/NP ­/SS 아무개/NP 는/JX 마음속/NNG (으)로/JKB 만/JX 지랄/NNG 을/JKO 하/VV 는구나/EF ./SF
300,이/NP 를/JKO 수식__05/NNG (으)로/JKB 표현/NNG 하/XSV 면/EC 아래__01/NNG 와/JKB 같/VA 다/EF ./SF
301,오랫동안/NNG 그/NP 는/JX 빵__01/NNG 과/JC 치즈/NNG 만/JX (으)로/JKB 식사__03/NNG 를/JKO 하/VV 았/EP 다/EF ./SF
302,아버지/NNG 는/JX 콧등/NNG 거리__01/NNG 를/JKO 집게손가락/NNG (으)로/JKB 문지르/VV 었/EP 다/EF ./SF
303,속__01/NNG (으)로/JKB 만/JX 대들/VV 었/EP 다/EF ./SF
304,그/MM 사내__01/NNG 가/JKS 춘기/NNP 에게/JKB 눈짓/NNG (으)로/JKB 김/NNP 형사__02/NNG 를/JKO 가리키__01/VV 었/EP 다/EF ./SF
305,삽자루/NNG (으)로/JKB 엉덩이/NNG 를/JKO 오십/NR 대__01/NNB 맞__02/VV 았/EP 다/EF ./SF
306,그/NP 는/JX 나/NP 의/JKG 입/NNG 을/JKO 조용히/MAG 손__01/NNG (으)로/JKB 막__01/VV 았/EP 다/EF ./SF
307,성태/NNP 는/JX 이마__01/NNG 의/JKG 땀__01/NNG 을/JKO 손등__01/NNG (으)로/JKB 닦__01/VV 아/EC 내/VX 었/EP 다/EF ./SF
308,하고/JKQ 어깨__01/NNG 를/JKO 으쓱__01/MAG 하/XSV 더니만/EC 턱__01/NNG (으)로/JKB 영구/NNP 를/JKO 가리키__01/VV 었/EP 다/EF ./SF
309,나/NP 는/JX 속__01/NNG (으)로/JKB 부르짖/VV 었/EP 다/EF ./SF
310,진우/NNP 는/JX 속__01/NNG (으)로/JKB 머리__01/NNG 를/JKO 뒤흔들/VV 었/EP 다/EF ./SF
311,나/NP 는/JX 속__01/NNG (으)로/JKB 피식/MAG 웃/VV 었/EP 다/EF ./SF
312,서울/NNP 은/JX 늘/MAG 매연__02/NNG (으)로/JKB 뒤덮이/VV ᆫ/ETM 곳__01/NNG 만/JX 은/JX 아니/VCN 었/EP 습니다/EF ./SF
313,형태/NNG 는/JX 한/MM 사람/NNG 한/MM 사람/NNG 씩/XSN 손가락/NNG (으)로/JKB 짚/VV 었/EP 다/EF ./SF
314,29/SN 춘기/NNP 는/JX 부랴부랴/MAG 전화__07/NNG (으)로/JKB 택시/NNG 를/JKO 부르/VV 었/EP 다/EF ./SF
315,그래서/MAJ 세호/NNP 는/JX 손바닥/NNG (으)로/JKB 그/MM 낙서__03/NNG 를/JKO 쓱쓱/MAG 지우__01/VV 었/EP 습니다/EF ./SF
316,어머니/NNG 는/JX 손__01/NNG (으)로/JKB 입/NNG 을/JKO 가리__02/VV 었/EP 다/EF ./SF
317,"/SS 손__01/NNG (으)로/JKB 이/MM 나뭇잎/NNG 을/JKO 만지/VV 어/EC 보/VX 아라/EF ./SF "/SS
318,바로/MAG 그/MM 힘__01/NNG (으)로/JKB 살__01/VV 아/EC 가/VX 자/EF ./SF
319,미혜/NNP 가/JKS 팔꿈치/NNG (으)로/JKB 그/NP 의/JKG 가슴__01/NNG 을/JKO 쿡/MAG 치__02/VV 었/EP 다/EF ./SF
320,➌/SW 송곳/NNG (으)로/JKB 액자__01/NNG 의/JKG 중앙/NNG 윗부분/NNG 에/JKB 구멍/NNG 을/JKO 뚫/VV 는다/EF ./SF
321,한/MM 해__01/NNG 의/JKG 괴로움/NNG 을/JKO 한잔/NNG 술__01/NNG (으)로/JKB 잊어버리/VV 자는/ETM 것/NNB 이/VCP 다/EF ./SF
322,그리고/MAJ 오늘/NNG 밤차/NNG (으)로/JKB 내려가/VV ᆯ까/EF ?/SF
323,나/NP 는/JX 속__01/NNG (으)로/JKB 웃/VV 었/EP 다/EF ./SF
324,또/MAJ 이런/MM 경우__03/NNG 예외/NNG 없이/MAG 가슴__01/NNG (으)로/JKB 호흡/NNG 을/JKO 하/VV ᆫ다/EF ./SF
325,다비/NNP 는/JX 비극/NNG 의/JKG 여주인공/NNG 처럼/JKB 마음속/NNG (으)로/JKB 부르짖/VV 었/EP 다/EF ./SF
326,다비/NNP 는/JX 두/MM 팔__01/NNG (으)로/JKB 자신__01/NNG 의/JKG 몸__01/NNG 을/JKO 끌어안/VV 았/EP 다/EF ./SF
327,"/SS 열쇠/NNG (으)로/JKB 잠그__01/VV 어/EC 놓/VX 아서/EC 안전__03/NNG 하/XSA 아요/EF ./SF "/SS
328,우리/NP ᆫ/JX 오늘/MAG 밤__01/NNG 차__06/NNG (으)로/JKB 일본/NNP 가/VV 자/EF ./SF "/SS
329,나/NP 는/JX 종수/NNP 자식__01/NNG 을/JKO 곁눈__01/NNG 질/XSN (으)로/JKB 힐끗/MAG 살피/VV 었/EP 다/EF ./SF
330,그/MM 애__02/NNG 가/JKS 손등__01/NNG (으)로/JKB 입술/NNG 을/JKO 문지르/VV 며/EC 말__01/NNG 하/XSV 았/EP 다/EF ./SF
331,이슬/NNG (으)로/JKB 치장__01/NNG 하/XSV 고/EC 마음껏/MAG 뽐내/VV ᆫ다/EF ./SF
332,이/MM 감국/NNG 의/JKG 꽃__01/NNG (으)로/JKB '/SS 국화주/NNG '/SS 를/JKO 빚/VV 는다/EF ./SF
333,얼른/MAG 소녀__02/NNG 의/JKG 손바닥/NNG (으)로/JKB 눈__01/NNG 을/JKO 떨구/VV 었/EP 다/EF ./SF
334,다비/NNP 는/JX 마음속/NNG (으)로/JKB 속삭이/VV 었/EP 다/EF ./SF
335,눈물__01/NNG 을/JKO 닦__01/VV 아/EC 주/VX 려는/ETM 입맞춤/NNG (으)로/JKB 시작__01/NNG 하/XSV 았/EP 다/EF ./SF
336,그/NP 가/JKS 작업대/NNG 를/JKO 주먹/NNG (으)로/JKB 내리치__01/VV 었/EP 다/EF ./SF
337,우리나라/NNG 최고__02/NNG 의/JKG 러브/NNG 스토리/NNG '/SS 춘향전/NNP '/SS 을/JKO 춤__01/NNG (으)로/JKB 보__01/VV ᆫ다/EF ./SF
338,교통편/NNG :/SP 광주/NNP 지역__03/NNG 시내버스/NNG (으)로/JKB 광주고/NNP 앞/NNG 에서/JKB 내리/VV ᆫ다/EF ./SF
339,돌멩이/NNG (으)로/JKB 풀__02/NNG 을/JKO 짓찧/VV 는다/EF ./SF
340,후우/IC 하고/JKQ 저/NP 는/JX 속__01/NNG (으)로/JKB 한숨__02/NNG 을/JKO 쉬__04/VV 었/EP 습니다/EF ./SF
341,"/SS 사랑__01/NNG 의/JKG 힘__01/NNG (으)로/JKB 도/JX 안/MAG 되__01/VV 나요/EF ?/SF "/SS
342,나/NP 는/JX 속__01/NNG (으)로/JKB 이렇/VA 게/EC 말__01/NNG 하/XSV ᆫ다/EF ./SF
343,"/SS 기왕이면/MAG 손목/NNG 쟁이/XSN 를/JKO 작두__01/NNG (으)로/JKB 싹둑/MAG 자르__01/VV 아/EC 보/VX 아/EF ./SF
344,카드놀이/NNG '/SS 포커/NNG '/SS 는/JX 5/SN 장__22/NNB (으)로/JKB 게임/NNG 을/JKO 하/VV ᆫ다/EF ./SF
345,창수/NNP 는/JX 또/MAG 한/MM 번/NNB 마음속/NNG (으)로/JKB 다짐/NNG 을/JKO 하/VV 았/EP 다/EF ./SF
346,결국/NNG 채식__02/NNG 도/JX 운동__02/NNG (으)로/JKB 풀/VV 어야/EC 하/VX ᆫ다/EF ./SF
347,피__02/NNG (으)로/JKB 쓰__01/VV ᆫ/ETM 증조부/NNG 의/JKG 친필/NNG 유서__06/NNG ./SF
348,저/NP 의/JKG 남편__01/NNG 은/JX 매일/MAG 술__01/NNG (으)로/JKB 시간__04/NNG 을/JKO 보내/VV 고/EC 있/VX 습니다/EF ./SF
349,그/MM 연장선/NNG 에서/JKB 망치__01/NNG (으)로/JKB 패러디/NNG 하/XSV 는/ETM 법/NNG 도/JX 있/VV 는/ETM 것/NNB ./SF
350,국장__01/NNG 은/JX 눈__01/NNG (으)로/JKB 그/NP 에게/JKB 신호__01/NNG 를/JKO 보내/VV 었/EP 다/EF ./SF
351,물론/MAG 방청석/NNG 의/JKG 아우성/NNG 은/JX 라이브/NNG (으)로/JKB 살리/VV 어/EC 놓/VX 고/EF ./SF
352,훈아/NNP 는/JX 혼잣말/NNG (으)로/JKB 중얼거리/VV 었/EP 다/EF ./SF
353,땅/NNG 을/JKO ,/SP 땅/NNG (으)로/JKB 덮/VV 으시/EP 면서/EF ./SF
354,눈__01/NNG (으)로/JKB 페이지/NNG 전체__01/NNG 를/JKO 보__01/VV ᆫ다/EF ./SF
355,나/NP 는/JX 속__01/NNG (으)로/JKB 끊임없이/MAG 되뇌/VV 었/EP 다/EF ./SF
356,"/SS 일본말/NNG (으)로/JKB 붙이/VV 어/EC 보/VX 시/EP 구려/EF ./SF "/SS
357,귀엣말/NNG (으)로/JKB 주고받/VV 을/ETM 일__01/NNG ./SF
358,돌__02/NNG (으)로/JKB 되__01/VV ᆫ/ETM 토끼/NNG 말__01/NNG 이/VCP 다/EF ./SF "/SS
359,지금__03/NNG 까지/JX 는/JX 명사__03/NNG 만/JX (으)로/JKB 도/JX 의사__02/NNG 가/JKS 통하/VV 았/EP 다/EF ./SF
360,"/SS 램프__01/NNG (으)로/JKB 신호__01/NNG 를/JKO 보내/VV ᄇ니다/EF ./SF "/SS
361,이/MM 프로젝트/NNG 는/JX 재미있/VA 는/ETM 질문/NNG (으)로/JKB 시작__01/NNG 하/XSV ᆫ다/EF ./SF
362,그것/NP 은/JX 돌__02/NNG (으)로/JKB 쌓/VV 은/ETM 것/NNB 이/VCP ᄇ니다/EF ./SF
363,그런/MM 것/NNB ᆯ/JKO 다/MAG 감__12/NNG (으)로/JKB 하/VV 아야/EC 하/VX 니까/EF ./SF
364,장물아비/NNG 가/JKS 상방__02/NNG (으)로/JKB 봉삼/NNP 을/JKO 모시/VV 었/EP 다/EF ./SF
365,나/NP 의/JKG 방식__01/NNG 대로/JKB 살__01/VV 렵니다/EF ./SF
366,니/NP 몸__01/NNG (으)로/JKB 감__03/VV 을/ETM 거/NNB 이/VCP 야/EF ./SF
367,정성__11/NNG 과/JC 기쁨/NNG (으)로/JKB 심__01/VV 었/EP 습니다/EF ./SF
368,영화/NNP 야/JKV …/SE 나/NP 는/JX 마음속/NNG (으)로/JKB 가만히/MAG 부르/VV 어/EC 보/VX 았/EP 다/EF ./SF
369,난__06/NNG 은/JX 모래__01/NNG 와/JC 물__01/NNG (으)로/JKB 살__01/VV ᆫ다/EF ./SF
370,추석__01/NNG 상__04/NNG 은/JX 햇과일/NNG 과/JC 햇곡식/NNG (으)로/JKB 차리/VV 는/ETM 법/NNG 아니/VCN 던가/EF !/SF
371,나/NP 는/JX 오기__08/NNG (으)로/JKB 버티/VV 었/EP 다/EF ./SF
372,안__01/NNG 에/JKB 도/JX 목재/NNG (으)로/JKB 되__01/VV ᆫ/ETM 집__01/NNG 이/VCP 었/EP 다/EF ./SF
373,하고/JKQ 크/VA ᆫ/ETM 소리__01/NNG (으)로/JKB 말__01/NNG 하/XSV 았/EP 다/EF ./SF
374,그리고/MAJ 는/JX 서늘/XR 하/XSA ᆫ/ETM 눈빛__01/NNG (으)로/JKB 다희/NNP 를/JKO 올려다보/VV 았/EP 다/EF ./SF
375,사진__07/NNG (으)로/JKB 는/JX 많이/MAG 보__01/VV 시/EP 었/EP 죠/EF ?/SF
376,마음속/NNG (으)로/JKB 는/JX 수천/NR 번/NNB 도/JX 더/MAG 외치__01/VV 었/EP 지만/EF ./SF
377,목소리/NNG (으)로/JKB 클릭/NNG 만/JX 하/VV 면/EC 낙하산/NNG 은/JX 즉각/MAG 실행__02/NNG 되/XSV 었/EP 다/EF ./SF
378,아버지/NNG 가/JKS 성냥개비/NNG (으)로/JKB 이빨/NNG 을/JKO 쑤시__02/VV 며/EC 수창이/NNP 에게/JKB 말__01/NNG 하/XSV ᆫ다/EF ./SF
379,그녀/NP 는/JX 손가락/NNG (으)로/JKB 나/NP 의/JKG 입술/NNG 을/JKO 막__01/VV 았/EP 다/EF ./SF
380,그/MM 속__01/NNG (으)로/JKB 멀리/MAG 보이__01/VV 는/ETM 동네/NNG !/SF
381,"/SS 아기__01/NNG 는/JX 어디/NP (으)로/JKB 낳__01/VV 는가/EF ?/SF "/SS 이/VCP 라는/ETM
382,그래서/MAJ 우리/NP 들/XSN 은/JX 그냥/MAG 맨/XPN 손__01/NNG (으)로/JKB 길__01/NNG 에서/JKB 놀/VV 았/EP 다/EF ./SF
383,해숙/NNP 이/JKS 목메/VV ᆫ/ETM 소리__01/NNG (으)로/JKB 말__01/NNG 하/XSV 았/EP 다/EF ./SF
384,수혜/NNP 는/JX 입/NNG 속__01/NNG (으)로/JKB 가만히/MAG 제목__02/NNG 을/JKO 읽/VV 어/EC 보/VX 았/EP 다/EF ./SF
385,심지어/MAG 전화__07/NNG (으)로/JKB 부르/VV 어/EC 주/VX 기/ETN 도/JX 하/VX 았/EP 습니다/EF ./SF
386,그녀/NP 가/JKS 헛/XPN 손짓/NNG (으)로/JKB 무릎/NNG 을/JKO 털/VV 었/EP 다/EF ./SF
387,시장__04/NNG 의/JKG 매기__09/NNG 흐름/NNG 도/JX 자산주/NNG 를/JKO 중심__01/NNG (으)로/JKB 하/VV ᆫ/ETM 중/NNP ./SF
388,늙은이/NNG 가/JKS 두/MM 손__01/NNG (으)로/JKB 귀__01/NNG 를/JKO 막__01/VV 았/EP 다/EF ./SF
389,해매포구/NNP 는/JX 삼면/NNG 이/JKS 바다/NNG (으)로/JKB 둘러싸이/VV 어/EC 있/VX 습니다/EF ./SF
390,산__01/NNG 은/JX 온통/MAG 울창/XR 하/XSA ᆫ/ETM 숲__01/NNG (으)로/JKB 덮이/VV 어/EC 있/VX 다/EF ./SF
391,"/SS 눈__01/NNG (으)로/JKB 인기__01/NNG 를/JKO 얻/VV 는/ETM 상__09/NNG 이/VCP 다/EC "/SS
392,'/SS 나/NP 의/JKG 두/MM 다리__01/NNG (으)로/JKB 서/VV 지/EC 못하/VX 면/EC 결국/NNG …/SE ?/SF '/SS
393,시신__02/NNG 을/JKO 나/NP 의/JKG 손__01/NNG (으)로/JKB 건지/VV 었/EP 다/EF ./SF
394,구리관/NNG 급수관/NNG 파이프/NNG 구리__02/NNG (으)로/JKB 만들/VV ᆫ/ETM 관__08/NNG (/SS 파이프/NNG )/SS ./SF
395,경지/NNP 는/JX 손__01/NNG (으)로/JKB 입/NNG 을/JKO 틀어막/VV 았/EP 다/EF ./SF
396,소년/NNG 은/JX 속__01/NNG (으)로/JKB 부르짖/VV 었/EP 다/EF ./SF
397,서울/NNP 올림픽/NNG 도/JX 텔레비전/NNG (으)로/JKB 보__01/VV 았/EP 어요/EF ./SF
398,"/SS 이것/NP (으)로/JKB 여비__02/NNG 와/JC 기타__01/NNG 비용__03/NNG 을/JKO 쓰__03/VV 도록/EC 하/VX 게/EF ./SF
399,그러면/MAJ 저/NP 는/JX 속__01/NNG (으)로/JKB 그러/VV 지요/EF ./SF
400,자식__01/NNG 키우/VV 는/ETM 시민/NNG 의/JKG 손__01/NNG (으)로/JKB 말__01/NNG 이/VCP 다/EF ./SF
401,소__03/NNG 1/SN 마리/NNB (으)로/JKB 논밭/NNG 갈이__02/NNG 를/JKO 하/VV 았/EP 다/EF ./SF
402,저고리__01/NNG 소매__01/NNG (으)로/JKB 코밑/NNG 을/JKO 훔치__01/VV 면서/EC 소년/NNG 이/JKS 말__01/NNG 하/XSV 았/EP 다/EF ./SF
403,사람/NNG 은/JX 말__01/NNG (으)로/JKB 는/JX 아주/MAG 잘/MAG 하/VV ᆫ다/EF ./SF
404,이거/NP 조만간/MAG 에/JKB 소포__01/NNG (으)로/JKB 부치__02/VV 마/EF ./SF
405,그/MM 아이__01/NNG 는/JX 입/NNG 안__01/NNG 의/JKG 소리__01/NNG (으)로/JKB 중얼거리/VV 었/EP 다/EF ./SF
406,할머니/NNG 는/JX 높낮이/NNG 가/JKS 없/VA 는/ETM 목소리/NNG (으)로/JKB 말__01/NNG 하/XSV 았/EP 다/EF ./SF
407,"/SS 관찰력/NNG 만/JX (으)로/JKB 찾아내/VV ᆫ/ETM 것/NNB 이/JKC 아니/VCN 에요/EF ./SF
408,예리/NNP 는/JX 속__01/NNG (으)로/JKB 묻__03/VV 었/EP 다/EF ./SF
409,마음속/NNG (으)로/JKB 묻__03/VV 으면서/EF ./SF
410,쥐__02/NNG 를/JKO 두/MM 눈__01/NNG (으)로/JKB 똑바로/MAG 보__01/VV ᆫ/ETM 것/NNB 은/JX 처음/NNG 이/VCP 다/EF ./SF
411,영달이/NNP 가/JKS 또/MAG 크/VA ᆫ/ETM 소리__01/NNG (으)로/JKB 말__01/NNG 하/XSV 았/EP 다/EF ./SF
412,"/SS 다음__01/NNG 부터/JX ᆫ/JX 한/MM 손__01/NNG (으)로/JKB 하/VV 아/EF ./SF "/SS
413,영숙이/NNP 가/JKS 서툴/VA ᆫ/ETM 사투리/NNG (으)로/JKB 대답/NNG 하/XSV ᆯ/ETM 때__01/NNG 이/VCP 었/EP 다/EF ./SF
414,이것/NP (으)로/JKB 끝내/VV ᆫ단/ETM 말__01/NNG 이/VCP ᆫ가/EF ?/SF
415,구만이/NNP 는/JX 살그머니/MAG 울타리/NNG 구멍/NNG (으)로/JKB 엄지/NNP 네/XSN 집__01/NNG 을/JKO 살펴보/VV 았/EP 습니다/EF ./SF
416,안개/NNG (으)로/JKB 가리__01/VV 어/EC 지/VX 어/EC 있/VX 었/EP 기/ETN 때문/NNB 이/JKC 아니/VCN 다/EF ./SF
417,실내/NNG 를/JKO 온통/MAG 황금색/NNG (으)로/JKB 만/JX 장식__05/NNG 하/XSV 며/EC 살아오/VV 았/EP 다/EF ./SF
418,모든/MM 종업원/NNG 들/XSN 은/JX 팁__01/NNG (으)로/JKB 생계__02/NNG 를/JKO 꾸리__01/VV 어/EC 나가/VX ᆫ다/EF ./SF
419,최소한/NNG 의/JKG 장식__05/NNG (으)로/JKB 가장__01/MAG 멋지/VA 고/EC 화려/XR 하/XSA 게/EF ./SF
420,"/SS 정말/MAG 밤차/NNG (으)로/JKB 가/VV 시/EP 어요/EF ?/SF "/SS
421,고따우/MM 꼼슈/NNG (으)로/JKB 넘어가__01/VV ᆯ/ETM 김진봉이/NNP 가/JKC 아니/VCN ᄇ니다/EF !/SF 」/SS
422,영주/NNP 에서/JKB 춘양/NNP 까지/JX 시외__01/NNG 뻐스/NNG (으)로/JKB 갈아타/VV 았/EP 다/EF ./SF
423,수혜/NNP 가/JKS 어렵사리/MAG 목구멍/NNG (으)로/JKB 한/MM 마디__01/NNG 를/JKO 밀어내/VV 었/EP 다/EF ./SF
424,여관__03/NNG 주인__01/NNG 의/JKG 신고__01/NNG (으)로/JKB 달려오/VV ᆫ/ETM 경찰__04/NNG 들/XSN 이/VCP 었/EP 다/EF ./SF
425,종이__01/NNG 나발__01/NNG 과/JC 하루핀/NNG (으)로/JKB 음악__01/NNG 을/JKO 듣__01/VV 다니/EF ./SF
426,한/MM 놈/NNB 이/JKS 아이__01/NNG 의/JKG 입/NNG 을/JKO 수건/NNG (으)로/JKB 막__01/VV 았/EP 다/EF ./SF
427,그/NP 들/XSN 은/JX 불신__02/NNG 과/JC 회의__05/NNG (으)로/JKB 가득/MAG 차__01/VV 아/EC 있/VX 다/EF ./SF
428,연이/NNP 가/JKS 크/VA ᆫ/ETM 소리__01/NNG (으)로/JKB 말__01/NNG 하/XSV 았/EP 다/EF ./SF
429,마음__01/NNG 속__01/NNG (으)로/JKB 중얼거리/VV 었/EP 다/EF ./SF
430,이/MM 힘__01/NNG (으)로/JKB 무슨/MM 일__01/NNG 이/VCP ᆫ들/EC 못/MAG 하/VV 겠/EP 는가/EF ./SF "/SS
431,나직/XR 하/XSA ᆫ/ETM 목소리/NNG (으)로/JKB 빗방울/NNG 소리__01/NNG 는/JX 봄/NNG 소식__04/NNG 을/JKO 전하/VV ᆫ다/EF ./SF
432,그녀/NP 가/JKS 턱__01/NNG (으)로/JKB 방바닥/NNG 을/JKO 가리키__01/VV 며/EC 말__01/NNG 하/XSV 았/EP 다/EF ./SF
433,그녀/NP 는/JX 마지막/NNG 분노/NNG 를/JKO 목구멍/NNG (으)로/JKB 치올리/VV 었/EP 다/EF ./SF
434,영애/NNP 는/JX 신청인/NNG 란__02/NNG 에다/JKB 엄지__01/NNG 손가락/NNG (으)로/JKB 지장__08/NNG 까지/JX 누르/VV 었/EP 다/EF ./SF
435,여자__02/NNG 란/JX 이런/MM 연민/NNG 의/JKG 감정__06/NNG (으)로/JKB 사로잡/VV 는/ETM 것/NNB 이/JKS 아니/VCN 야/EF ./SF
436,그리고/MAJ 는/JX 구두__01/NNG 발__01/NNG (으)로/JKB 운전사/NNG 의/JKG 가슴패기/NNG 를/JKO 힘껏/MAG 걷어차/VV 았/EP 다/EF ./SF
437,그/NP 의/JKG 눈앞/NNG 에/JKB 는/JX 시체__02/NNG 들/XSN (으)로/JKB 가득/MAG 차__01/VV 았/EP 다/EF ./SF
438,친정__04/NNG 팀/NNG 을/JKO 한/MM 방__11/NNB (으)로/JKB 잡__01/VV 으라는/ETM 주문__04/NNG 이/VCP 었/EP 다/EF ./SF
439,어미__01/NNG 의/JKG 방__07/NNG 안__01/NNG 을/JKO 소주__05/NNG (으)로/JKB 가득/MAG 채우__03/VV 어/EC 주/VX 리라/EF ./SF
440,신문__10/NNG 과/JC 방송__01/NNG 은/JX 온통/MAG 모택동/NNP (으)로/JKB 채우__03/VV 어/EC 지/VX 고/EC 있/VX 다/EF ./SF
441,손가락/NNG (으)로/JKB 눈꺼풀/NNG 전체__01/NNG 를/JKO 누르/VV 어/EC 아이섀도/NNG 를/JKO 밀착/NNG 시키/XSV ᆫ다/EF ./SF
442,"/SS 그대/NP 의/JKG 눈__01/NNG (으)로/JKB 세상__01/NNG 을/JKO 만나/VV 다/EF ./SF "/SS
443,경화/NNP 의/JKG 솜씨/NNG (으)로/JKB 꾸미/VV ᆫ/ETM 문병__02/NNG 카드/NNG 이/VCP 었/EP 다/EF ./SF
444,그것/NP (으)로/JKB 나/NP 의/JKG 왼쪽/NNG 팔뚝/NNG 을/JKO 내리치__01/VV 었/EP 다/EF ./SF
445,실__01/NNG (으)로/JKB 만들/VV 는/ETM 목장갑/NNG 이/VCP 래/EF ./SF "/SS
446,그/MM 눈물__01/NNG 을/JKO 아저씨/NNG 는/JX 군복/NNG 소맷자락/NNG (으)로/JKB 닦__01/VV 아/EC 주/VX 었/EP 습니다/EF ./SF
447,8/SN 시/NNB 차__06/NNG (으)로/JKB 대구/NNP 에/JKB 가/VV 았/EP 다/EF ./SF
448,그/NP 는/JX 또/MAJ 손__01/NNG 짓/NNB (으)로/JKB 옆구리/NNG 아래__01/NNG 를/JKO 가리키__01/VV 었/EP 다/EF ./SF
449,백색__01/NNG 의/JKG 그/MM 설편/NNG 은/JX 눈__01/NNG (으)로/JKB 보__01/VV 는/ETM 음악__01/NNG 이/VCP 다/EF ./SF
450,시체__02/NNG 들/XSN (으)로/JKB 이루어지/VV ᆫ/ETM 산__01/NNG 이/VCP 지요/EF ./SF
451,그/NP 는/JX 코__01/NNG 언저리/NNG 를/JKO 붕대/NNG (으)로/JKB 싸매/VV 고/EC 있/VX 었/EP 다/EF ./SF
452,인간__01/NNG 은/JX 사랑__01/NNG (으)로/JKB 살__01/VV ᆫ다/EF ./SF
453,정거장/NNG 은/JX 또다시/MAG 사람/NNG 들/XSN (으)로/JKB 북적거리__01/VV 었/EP 다/EF ./SF
454,눈__01/NNG (으)로/JKB 먹__02/VV 는/ETM 거/NNB 이/VCP 지/EF ./SF
455,"/SS 이놈/NP 들/XSN 아/JKV ,/SP 긴소리/NNG (으)로/JKB 상종__03/NNG 하/XSV ᆯ/ETM 경황__01/NNG 없/VA 다/EF ./SF
456,그래서/MAJ 사람/NNG 은/JX 길__01/NNG (으)로/JKB 가/VV 아야/EC 하/VX ᄇ니다/EF ./SF
457,고려/NNP 수지__02/NNG 요법__03/NNG 은/JX 3/SN 대__06/NNB 원리__02/NNG (으)로/JKB 이루어지/VV 어/EC 있/VX 다/EF ./SF
458,설명/NNG (으)로/JKB 과연__01/MAG 아이__01/NNG 의/JKG 마음__01/NNG 을/JKO 진정__15/NNG 시키/XSV ᆯ/ETM 수__02/NNB 있/VV 을까/EF ./SF
459,대뜸/MAG 황채심/NNP 의/JKG 면상__02/NNG 을/JKO 포승줄/NNG (으)로/JKB 후려갈기/VV ᆫ다/EF ./SF
460,저/NP 는/JX 그/NP 의/JKG 엉덩이/NNG 를/JKO 손바닥/NNG (으)로/JKB 찰싹/MAG 때리__01/VV 었/EP 습니다/EF ./SF
461,호랑이/NNG (/SS 소리__01/NNG (으)로/JKB 만/JX 능글맞/VA 게/EC )/SS 정말/NNG 이/VCP 냐/EF !/SF
462,"/SS 예/IC ,/SP 발__01/NNG (으)로/JKB 막__01/MAG 차__02/VV 아/EC 대/VX 는걸요/EF ./SF "/SS
463,십자가__01/NNG (으)로/JKB 사형수/NNG 의/JKG 영혼__02/NNG 의/JKG 평안__01/NNG 을/JKO 빌__01/VV 는/ETM 신부__04/NNG 의/JKG 손__01/NNG ./SF
464,우리/NP ᆫ/JX 맨/XPN 발__01/NNG (으)로/JKB 걷__02/VV 었/EP 다/EF ./SF
465,골목__01/NNG 이/JKS 사람/NNG 들/XSN (으)로/JKB 술렁거리/VV 기/ETN 시작__01/NNG 하/XSV 았/EP 다/EF ./SF
466,그리고/MAJ 속__01/NNG (으)로/JKB 으스대/VV 었/EP 다/EF ./SF
467,"/SS 손__01/NNG (으)로/JKB 만지/VV 지/EC 말/VX 아/EF ./SF "/SS
468,나/NP 는/JX 속__01/NNG (으)로/JKB 수없이/MAG 딸애/NNG 에게/JKB 욕설/NNG 을/JKO 퍼붓/VV 었/EP 어요/EF ./SF
469,방아다릿댁/NNP 이/JKS 낮/VA 은/ETM 소리__01/NNG (으)로/JKB 말__01/NNG 하/XSV 았/EP 다/EF ./SF
470,늙은이/NNG 가/JKS 새소리/NNG (으)로/JKB 웃/VV 었/EP 다/EF ./SF
471,남편__01/NNG 을/JKO 중심__01/NNG (으)로/JKB 하/VV ᆫ/ETM 민주파/NNG 들/XSN 은/JX 분개__03/NNG 하/XSV 았/EP 다/EF ./SF
472,태국/NNP 에/JKB 도착__01/NNG 하/XSV 아/EC 홍콩/NNP 행/NNB 비행기/NNG (으)로/JKB 갈아타/VV 았/EP 다/EF ./SF
473,말__01/NNG (으)로/JKB 설명/NNG 하/XSV ᆯ/ETM 수__02/NNB 없/VA 는/ETM 그/MM 기분__01/NNG ./SF
474,집__01/NNG 뒤쪽__01/NNG 은/JX 야트막/XR 하/XSA ᆫ/ETM 언덕/NNG (으)로/JKB 두르/VV 어/EC 있/VX 습니다/EF ./SF
475,사회__07/NNG 는/JX 문화__01/NNG 의/JKG 동력__02/NNG (으)로/JKB 나아가/VV 고/EC 성장__01/NNG 이/JKS 촉진__01/NNG 되/XSV ᆫ다/EF ./SF
476,수수__01/NNG 풀떼기__01/NNG 와/JC 꿀밤떡/NNG (으)로/JKB 그/MM 해__01/NNG 겨울/NNG 을/JKO 지내/VV 었/EP 습니다/EF ./SF
477,블록__02/NNG 선__14/NNG 도/JX 선__14/NNG (으)로/JKB 나타내/VV 는/ETM 그림__01/NNG 의/JKG 한/MM 가지/NNB ./SF
478,제목__02/NNG 그대로/MAG 왼손/NNG (으)로/JKB 쓰__01/VV ᆫ/ETM 글씨전/NNG 이/VCP 다/EF ./SF
479,"/SS 그럼/MAJ 자네/NP 손__01/NNG (으)로/JKB 하/VV 았/EP 단/ETM 말__01/NNG 이/VCP ᆫ가/EF ?/SF "/SS
480,총/MM 8/SN 권/NNB 8/SN 책__01/NNG (으)로/JKB 이루__01/VV 어/EC 지/VX 어/EC 있/VX 다/EF ./SF
481,인형__01/NNG 은/JX 쓰레기/NNG 와/JC 진흙/NNG (으)로/JKB 직접/MAG 만들/VV ᄇ니다/EF ./SF
482,민수/NNP 는/JX 주먹/NNG (으)로/JKB 두식이/NNP 를/JKO 치__02/VV 었/EP 습니다/EF ./SF
483,라고/JKQ 누구/NP 이/VCP ᆫ가/EC 가/JKS 크/VA ᆫ/ETM 소리__01/NNG (으)로/JKB 말__01/NNG 하/XSV 았/EP 습니다/EF ./SF
484,다희/NNP 는/JX 신음__01/NNG 처럼/JKB 속__01/NNG (으)로/JKB 외치__01/VV 었/EP 다/EF ./SF
485,또/MAG 입/NNG 속__01/NNG (으)로/JKB 외__02/VV 어/EC 보/VX ᄇ니다/EF ./SF
486,인간__01/NNG 은/JX 눈__01/NNG (으)로/JKB 떡__01/NNG 을/JKO 먹__02/VV 는다/EF ./SF
487,라고/JKQ 저/NP 는/JX 속__01/NNG (으)로/JKB 중얼거리/VV 었/EP 습니다/EF ./SF
488,모든/MM 통화__04/NNG 는/JX 음어/NNG (으)로/JKB 만/JX 하/VV 란/ETM 말__01/NNG 이/VCP 야/EF !/SF 」/SS
489,나/NP 는/JX 못내/MAG 속__01/NNG (으)로/JKB 소리치/VV 었/EP 다/EF ./SF
490,주어__01/NNG 하나/NR 술어__01/NNG 하나/NR (으)로/JKB 구성__07/NNG 되/XSV ᆫ/ETM 단문__01/NNG 을/JKO 쓰/VV 자/EF ./SF
491,(/SS 손가락/NNG (으)로/JKB 무대__06/NNG 왼쪽/NNG 을/JKO 가리키__01/VV ᆫ다/EF ./SF )/SS
492,소개/NNG 를/JKO 글/NNG (으)로/JKB 하/VV 는/ETM 것/NNB 이/VCP 다/EF ./SF
493,발__01/NNG (으)로/JKB 대__01/VV 어/EC 보/VX 다니/EF !/SF
494,계집/NNG 이/JKS 코__01/NNG 먹__01/VV 은/ETM 소리__01/NNG (으)로/JKB 말__01/NNG 하/XSV 았/EP 다/EF ./SF
495,손__01/NNG (으)로/JKB 땅/NNG 을/JKO 짚/VV 으며/EC 재빨리/MAG 재빨리/MAG ./SF
496,장/NNP 양__25/NNB 은/JX 양친__01/NNG 이/JKS 음악가/NNG 이/VCP 지만/EC 자력__01/NNG (으)로/JKB 크__01/VV 었/EP 다/EF ./SF
497,26/SN 권/NNB 14/SN 책__01/NNG (으)로/JKB 이루__01/VV 어/EC 지/VX 어/EC 있/VX 다/EF ./SF
498,정규__01/NNG 교육/NNG 을/JKO 받__01/VV 지/EC 못하/VX 고/EC 독학/NNG (으)로/JKB 공부__01/NNG 하/XSV 았/EP 다/EF ./SF
499,영애/NNP 는/JX 속__01/NNG (으)로/JKB 굳/VA 게/EC 다짐/NNG 하/XSV 고/EC 맹세__02/NNG 하/XSV 았/EP 다/EF ./SF
500,정교/XR 하/XSA ᆫ/ETM 컨트롤/NNG 과/JC 힘__01/NNG 있/VV 는/ETM 피칭/NNG (으)로/JKB 기선__06/NNG 제압/NNG ./SF
501,그녀/NP 는/JX 간절/XR 하/XSA ᆫ/ETM 눈빛__01/NNG (으)로/JKB 그/NP 를/JKO 바라보/VV 았/EP 다/EF ./SF
502,쪽__88/NNG 빛/NNG ～/SO :/SP 해학__04/NNG (으)로/JKB 보__01/VV ᆫ/ETM 노인__01/NNG 문제__06/NNG
503,그래서/MAJ 속__01/NNG (으)로/JKB 는/JX 아무래도/MAG 좋/VA 다고/EC 생각__01/NNG 하/XSV 고/EC 있/VX 었/EP 다/EF ./SF
504,무슨/MM 곡__02/NNG 이/VCP ᆫ데/EC ,/SP 라고/JKQ 진우/NNP 가/JKS 눈__01/NNG (으)로/JKB 묻__03/VV 었/EP 다/EF ./SF
505,돌멩이/NNG (으)로/JKB 덮/VV 어/EC 버리/VX 자/EF ./SF "/SS
506,"/SS 조선말/NNG (으)로/JKB 몬/MAG 받__01/VV 나/EF ?/SF "/SS
507,그리고/MAJ 는/JX 눈물__01/NNG (으)로/JKB 용서__01/NNG 를/JKO 빌__01/VV 었/EP 다/EF ./SF
508,규혁/NNP 은/JX 그녀/NP 를/JKO 온몸/NNG (으)로/JKB 느끼__02/VV 고/EC 싶/VX 었/EP 다/EF ./SF
509,돼지고기/NNG 는/JX 많/VA 으니/EC (/SS 소고기/NNG ,/SP 쇠고기/NNG )/SS (으)로/JKB 주/VX 시/EP 오/EF ./SF
510,입/NNG (으)로/JKB 만/JX 떠들__01/VV 는/ETM 그러/XR 하/XSA ᆫ/ETM 인텔리/NNG 는/JX 아니/VCN 다/EF ./SF
511,"/SS 에잇/IC ,/SP 인간__01/NNG 성/XSN (으)로/JKB 살__01/VV 자/EF ./SF "/SS
512,손__01/NNG (으)로/JKB 귓바퀴/NNG 를/JKO 횟수/NNG 에/JKB 상관없이/MAG 여러/MM 번/NNB 문지르/VV ᆫ다/EF ./SF
513,그/NP 의/JKG 몸__01/NNG 은/JX 금세/MAG 딱딱/XR 하/XSA ᆫ/ETM 수피__02/NNG (으)로/JKB 덮이/VV ᆫ다/EF ./SF
514,춘기/NNP 는/JX 싸늘/XR 하/XSA ᆫ/ETM 눈__01/NNG (으)로/JKB 그/NP 를/JKO 바라보/VV 았/EP 다/EF ./SF
515,K/SL 는/JX 주먹/NNG (으)로/JKB 라디에이터/NNG 를/JKO 탕탕__02/MAG 두들기/VV 어/EC 보/VX 았/EP 다/EF ./SF
516,예리/NNP 의/JKG 머리__01/NNG 는/JX 그/MM 남자__02/NNG 의/JKG 환상__02/NNG (으)로/JKB 가득/MAG 차__01/VV 았/EP 다/EF ./SF
517,그러면서/MAJ 속__01/NNG (으)로/JKB 정리__09/NNG 를/JKO 하/VV 아/EC 보/VX 았/EP 다/EF ./SF
518,그/NP 가/JKS 곁/NNG 에서/JKB 나지막/XR 하/XSA ᆫ/ETM 목소리/NNG (으)로/JKB 묻__03/VV 었/EP 지요/EF ./SF
519,"/SS 어이/IC ,/SP 자꾸/MAG 만/JX 그런/MM 눈__01/NNG (으)로/JKB 쳐다보/VV 지/EC 말/VX 시/EP 어요/EF ./SF
520,오늘/NNG 은/JX 무궁화/NNG 꽃__01/NNG 이/JKS 피__01/VV 었/EP 습니다/EC (으)로/JKB 시작__01/NNG 하/XSV 았/EP 다/EF ./SF
521,나/NP 는/JX 미스__03/NNG 양/NNP 에게/JKB 누구/NP 이/VCP 냐고/EC 눈__01/NNG (으)로/JKB 묻__03/VV 었/EP 다/EF ./SF
522,새해/NNG 새/MM 아침/NNG 은/JX 으레/MAG 음악__01/NNG (으)로/JKB 열리__02/VV ᆫ다/EF ./SF
523,장식장/NNG 위__01/NNG 도/JX 우산__01/NNG (으)로/JKB 훑/VV 었/EP 다/EF ./SF
524,△/SW 되도록/MAG 문장__02/NNG (으)로/JKB 설명/NNG 하/XSV 는/ETM 것/NNB 을/JKO 피하/VV ᆫ다/EF ./SF
525,답장/NNG (으)로/JKB 그/NP 의/JKG 심경__02/NNG 을/JKO 나타내/VV 었/EP 다/EF ./SF
526,그리고/MAJ 다시/MAG 큰소리__01/NNG (으)로/JKB 외치__01/VV 었/EP 습니다/EF ./SF
527,울타리/NNG 는/JX 쇠기둥/NNG 과/JC 가시줄/NNG (으)로/JKB 되__01/VV 어/EC 있/VX 었/EP 다/EF ./SF
528,그녀/NP 가/JKS 작__01/VA 은/ETM 소리__01/NNG (으)로/JKB 대답/NNG 하/XSV 았/EP 다/EF ./SF
529,그/NP 는/JX 턱__01/NNG (으)로/JKB 가리키__01/VV 며/EC 말__01/NNG 하/XSV 았/EP 다/EF ./SF
530,주인__01/NNG 은/JX 큰소리__01/NNG (으)로/JKB 웃음/NNG 을/JKO 터뜨리/VV 었/EP 다/EF ./SF
531,그리고/MAJ 속__01/NNG (으)로/JKB 웃/VV 었/EP 지/EF ./SF
532,마음속/NNG (으)로/JKB 외치__01/VV 면서/EF ./SF
533,영월/NNP 은/JX 다마이/NNP 의/JKG 손등__01/NNG 을/JKO 저/NP 의/JKG 손__01/NNG (으)로/JKB 가만히/MAG 덮/VV 는다/EF ./SF
534,그녀/NP 가/JKS 그/NP 의/JKG 머리카락/NNG 을/JKO 손__01/NNG (으)로/JKB 움켜잡/VV 았/EP 다/EF ./SF
535,그/MM 집__01/NNG 에서/JKB 는/JX 나/NP 의/JKG 발__01/NNG (으)로/JKB 나오/VV ᆫ/ETM 거/NNB 이/VCP 야/EF ./SF
536,진우/NNP 가/JKS 손가락/NNG (으)로/JKB 가게/NNG 를/JKO 가리키__01/VV 었/EP 다/EF ./SF
537,영기/NNP 는/JX 또/MAG 크/VA ᆫ/ETM 소리__01/NNG (으)로/JKB 말__01/NNG 하/XSV 았/EP 다/EF ./SF
538,담당/NNG 프로듀서/NNG 가/JKS 사인__14/NNG (으)로/JKB 알리/VV 어/EC 오/VX ᆫ다/EF ./SF
539,뭣/NP 이/VCP 든지/EC 돈__01/NNG (으)로/JKB 해결__02/NNG 허/XSA 려는/ETM 버르쟁머리/NNG 도/JX 고치/VV 어야제/EF ./SF
540,이/MM 손__01/NNG (으)로/JKB 막내/NNG 의/JKG 뺨/NNG 을/JKO 후려치/VV ᆫ/ETM 것/NNB 이/VCP 로군/EF ./SF
541,거리__01/NNG 는/JX 온통/MAG 사람/NNG 과/JC 깃발__02/NNG (으)로/JKB 출렁거리/VV 고/EC 있/VX 었/EP 다/EF ./SF
542,그리고/MAJ 는/JX 안간힘/NNG (으)로/JKB 내던지/VV 었/EP 다/EF ./SF
543,그래서/MAJ 경찰서/NNG 는/JX 범죄자/NNG 아니/VCN ᆫ/ETM 범죄자/NNG 들/XSN (으)로/JKB 북새통/NNG 을/JKO 이루__01/VV ᆫ다/EF ./SF
544,온몸/NNG (으)로/JKB 진땀/NNG 이/JKS 느끼__02/VV 어/EC 지/VX ᆫ다/EF ./SF
545,물__01/NNG (으)로/JKB 씻/VV 었/EP 거든요/EF ./SF
546,경락이/NNP 가/JKS 문지방/NNG 을/JKO 손__01/NNG (으)로/JKB 탕탕__02/MAG 두들기/VV ᆫ다/EF ./SF
547,내일/NNG 새벽__01/NNG 비행기/NNG (으)로/JKB 떠나/VV ᆫ다면서/EF ?/SF 잘/MAG 하/XSV 아/EC 주/VX 게/EF ./SF
548,그럼/MAJ 뭐/NP (으)로/JKB 움직이/VV 느냐고/EF ./SF
549,크/VA ᆫ/ETM 소리__01/NNG (으)로/JKB 말__01/NNG 하/XSV ᆫ다/EF ./SF
550,다른/MM 것/NNB (으)로/JKB 이/VCP 라도/EC 채우__03/VV 어/EC 보/VX 렴/EF ./SF
551,두꺼비/NNG 는/JX 발길/NNG (으)로/JKB 꼬마/NNG 의/JKG 가슴__01/NNG 을/JKO 내지르/VV ᆫ다/EF ./SF
552,날씨__01/NNG 를/JKO 핑계/NNG (으)로/JKB 절차__02/NNG 는/JX 빠르/VA 게/EC 진행__02/NNG 되/XSV 었/EP 다/EF ./SF
553,그/NP 의/JKG 눈빛__01/NNG 은/JX 희열/NNG (으)로/JKB 가득/MAG 차__01/VV 아/EC 있/VX 었/EP 다/EF ./SF
554,손__01/NNG (으)로/JKB 만지/VV 어/EC 보/VX 았/EP 다/EF ./SF
555,말__01/NNG (으)로/JKB 화두__04/NNG 를/JKO 삼__02/VV 겠/EP 다/EF ./SF
556,전화__07/NNG (으)로/JKB 친구__02/NNG 를/JKO 부르/VV ᆫ다/EF ./SF
557,이번__01/NNG 에/JKB 는/JX 그녀/NP 가/JKS 한국말/NNG (으)로/JKB 묻__03/VV 었/EP 다/EF ./SF
558,아이__01/NNG 가/JKS 주먹/NNG (으)로/JKB 눈물__01/NNG 을/JKO 씻/VV 었/EP 다/EF ./SF
559,형기/NNP 는/JX 속__01/NNG (으)로/JKB 계산__01/NNG 을/JKO 하/VV 는/ETM 중__04/NNB 이/VCP 었/EP 다/EF ./SF
560,나/NP 는/JX 속__01/NNG (으)로/JKB 만세__04/NNG 를/JKO 부르/VV 었/EP 습니다/EF ./SF
561,그리고/MAJ 저작근/NNG 은/JX 전기__15/NNG 물리__02/NNG 치료/NNG (으)로/JKB 긴장/NNG 을/JKO 풀/VV 어/EC 주/VX ᆫ다/EF ./SF
562,해숙/NNP 이/JKS 날카롭/VA ᆫ/ETM 목소리/NNG (으)로/JKB 말__01/NNG 하/XSV 았/EP 다/EF ./SF
563,신철이/NNP 는/JX 입속/NNG (으)로/JKB 다시/MAG 외__02/VV 어/EC 보/VX 았/EP 다/EF ./SF
564,소품__02/NNG 들/XSN (으)로/JKB 널리__01/VV 어/EC 있/VX 는/ETM 바닥__01/NNG ./SF
565,이제/MAG 우리/NP ᆫ/JX 우리/NP 힘__01/NNG 만/JX (으)로/JKB 살아가/VV 아야/EC 하/VX 아/EF ./SF
566,신형__02/NNG 그랜저/NNG XG/SL (으)로/JKB 승부수/NNG 를/JKO 던지/VV 었/EP 다/EF ./SF
567,대전천/NNP 이나/JC 갑천/NNP 물__01/NNG (으)로/JKB 는/JX 어림__01/NNG 도/JX 없/VA 다/EF ./SF
568,그/NP 는/JX 또다시/MAG 그윽/XR 하/XSA ᆫ/ETM 눈길__01/NNG (으)로/JKB 나/NP 를/JKO 바라보/VV 았/EP 다/EF ./SF
569,그런/MM 울음/NNG (으)로/JKB 당신/NP 의/JKG 무덤/NNG 사진__07/NNG 앞/NNG 에/JKB 엎드리/VV ᄇ니다/EF ./SF
570,어머니/NNG 는/JX 말__01/NNG (으)로/JKB 약도/NNG 를/JKO 그리__02/VV 어/EC 주/VX 었/EP 다/EF ./SF
571,젖/NNG 도/JX 역시/MAG 숫자/NNG (으)로/JKB 먹__02/VV 는다/EF ./SF
572,조/NNP 기자__05/NNG 가/JKS 손__01/NNG (으)로/JKB 방__07/NNG 을/JKO 가리키__01/VV 었/EP 다/EF ./SF
573,박해수/NNP 는/JX 손가락/NNG (으)로/JKB 동그라미/NNG 를/JKO 그리__02/VV 었/EP 다/EF ./SF
574,속__01/NNG (으)로/JKB 는/JX '/SS 그/MM 누구/NP 가/JKS 알/VV 랴/EC '/SS 다/EF ./SF
575,상자__10/NNG 는/JX 나무__01/NNG (으)로/JKB 만들/VV ᆫ/ETM 단단/XR 하/XSA ᆫ/ETM 것/NNB 이/VCP 었/EP 습니다/EF ./SF
576,나른/XR 하/XSA ᆫ/ETM 음성__02/NNG (으)로/JKB 그/NP 가/JKS 속삭이/VV 었/EP 다/EF ./SF
577,그/NP 는/JX 천상__02/NNG 의/JKG 이야기/NNG (으)로/JKB 청중/NNG 들/XSN 을/JKO 완전히/MAG 사로잡/VV 았/EP 다/EF ./SF
578,영월/NNP 은/JX 손가락/NNG (으)로/JKB 살그머니/MAG 찌짝/NNG 의/JKG 앞발/NNG 을/JKO 만지/VV 었/EP 다/EF ./SF
579,수창이/NNP 가/JKS 만년필/NNG 후랫쉬/NNG (으)로/JKB 시계__01/NNG 를/JKO 비추/VV 어/EC 보/VX 았/EP 다/EF ./SF
580,임/NNP 씨/NNB 는/JX 입안엣소리/NNG (으)로/JKB 중얼거리/VV 었/EP 다/EF ./SF
581,거지__01/NNG 아이__01/NNG 는/JX 크/VA ᆫ/ETM 소리__01/NNG (으)로/JKB 말__01/NNG 하/XSV 았/EP 습니다/EF ./SF
582,부속__01/NNG 건물__03/NNG 들/XSN 은/JX 현대식/NNG 양옥__01/NNG (으)로/JKB 되__01/VV 어/EC 있/VX 었/EP 다/EF ./SF
583,두/MM 눈__01/NNG (으)로/JKB 똑똑히/MAG 보__01/VV 았/EP 거든/EF ./SF
584,이윽고/MAG 부드럽/VA 은/ETM 음성__02/NNG (으)로/JKB 다희/NNP 가/JKS 말__01/NNG 하/XSV 았/EP 다/EF ./SF
585,동준/NNP 은/JX 마음속/NNG (으)로/JKB 외치__01/VV 었/EP 다/EF ./SF
586,"/SS 이번__01/NNG 에/JKB 도/JX 입/NNG (으)로/JKB 치우__01/VV ᆯ래/EF ?/SF "/SS
587,"/SS 먼젓번/NNG 차__06/NNG (으)로/JKB 떠나/VV 았/EP 어요/EF ./SF
588,그/NP 는/JX 승리/NNG 를/JKO 원하__02/VV 았/EP 고/EC 노력__01/NNG (으)로/JKB 승리/NNG 하/XSV 았/EP 다/EF ./SF
589,참/IC 간만__88/NNG 에/JKB 지면__03/NNG (으)로/JKB 인사__02/NNG 드리__01/VV 죠/EF ?/SF
590,그렇/VA 다면/EC 다수결/NNG (으)로/JKB 결정__01/NNG 하/XSV 겠/EP 읍니다/EF ./SF "/SS
591,면__07/NNG (으)로/JKB 되__01/VV ᆫ/ETM 홑옷/NNG 한/MM 장__22/NNB 이/VCP 면/EC 충분/XR 하/XSA 다/EF ./SF
592,가슴__01/NNG 은/JX 이미/MAG 분노/NNG (으)로/JKB 물들/VV 었/EP 다/EF ./SF
593,나/NP 는/JX 이__05/MM 사정__07/NNG 을/JKO 토마스/NNP 에게/JKB 국제__02/NNG 전화__07/NNG (으)로/JKB 알리/VV 었/EP 다/EF ./SF
594,경찰서/NNG 에/JKB 는/JX 기자__05/NNG 들/XSN (으)로/JKB 북적대__01/VV 었/EP 다/EF ./SF
595,이젤/NNG 을/JKO 발__01/NNG (으)로/JKB 걷어차/VV 았/EP 다/EF ./SF
596,그러나/MAJ 나/NP 는/JX 나/NP 의/JKG 잔__03/NNG (으)로/JKB 마시/VV 리라/EF ./SF "/SS
597,속__01/NNG (으)로/JKB 많이/MAG 울__01/VV 었/EP 다/EF ./SF
598,K/SL 는/JX 여전히/MAG 약간/MAG 빈정거리/VV 는/ETM 어투/NNG (으)로/JKB 말__01/NNG 하/XSV 았/EP 다/EF ./SF
599,나/NP 는/JX 머리__01/NNG (으)로/JKB 준태/NNP 의/JKG 얼굴/NNG 을/JKO 들이받/VV 았/EP 다/EF ./SF
600,다음__01/NNG 자동차/NNG (으)로/JKB 전국__03/NNG 을/JKO 주름잡/VV 는/ETM 현대/NNP ./SF
601,발길/NNG (으)로/JKB 지르__02/VV 고/EC 싶/VX 었/EP 다/EF ./SF
602,집__01/NNG 에/JKB 있/VV 을/ETM 때__01/NNG 는/JX 주로/MAG 독서__03/NNG (으)로/JKB 소일__02/NNG 하/XSV 구요/EC "/SS
603,그/NP 들/XSN 은/JX 주로/MAG 사냥/NNG 이나/JC 고기잡이/NNG (으)로/JKB 식량__03/NNG 을/JKO 얻/VV 었/EP 다/EF ./SF
604,"/SS 바탕/NNG 을/JKO 초록색/NNG (으)로/JKB 메꾸/VV 었/EP 어요/EF ./SF "/SS
605,역사__04/NNG 사실__04/NNG (으)로/JKB 신빙__01/NNG 하/XSV 기/ETN 는/JX 자료__03/NNG 성격__02/NNG 상/XSN 어렵/VA 다/EF ./SF
606,페놀/NNG 류/XSN 와/JC 알데히드/NNG 류/XSN 의/JKG 첨가/NNG 축합/NNG (으)로/JKB 만들/VV ᆫ다/EF ./SF
607,승호/NNP 는/JX 동백나무/NNG 위__01/NNG 에서/JKB 크/VA ᆫ/ETM 소리__01/NNG (으)로/JKB 대답/NNG 하/XSV 았/EP 다/EF ./SF
608,거기/NP 를/JKO 살짝/MAG 그림자/NNG (으)로/JKB 덮/VV 어/EC 버리/VX 는/ETM 것/NNB 이/VCP ᄇ니다/EF ./SF
609,온몸/NNG (으)로/JKB 벼락__01/NNG 을/JKO 맞__02/VV 은/ETM 사나이/NNG ./SF
610,현순/NNP 은/JX 속__01/NNG (으)로/JKB 속삭이/VV 었/EP 다/EF ./SF
611,원생__02/NNG 몇몇/NR 은/JX 원장__07/NNG 의/JKG 부임/NNG 선물__03/NNG (으)로/JKB 탈출__02/NNG 을/JKO 하/VV 았/EP 다/EF ./SF
612,나/NP 의/JKG 눈__01/NNG (으)로/JKB 동생__01/NNG 을/JKO 보__01/VV 아야/EC 하/VX 았/EP 다/EF ./SF
613,기암__02/NNG (으)로/JKB 솟__01/VV 은/ETM 절벽/NNG 의/JKG 섬__03/NNG 들/XSN ./SF
614,그녀/NP 는/JX 속__01/NNG (으)로/JKB 투덜대/VV 었/EP 다/EF ./SF
615,그것/NP 을/JKO 그림__01/NNG (으)로/JKB 설명/NNG 하/XSV ᆫ다면/EC 다음__01/NNG 과/JKB 같/VA 다/EF ./SF
616,그녀/NP 는/JX 들릭락말락/MAG 하/XSA ᆫ/ETM 목소리/NNG (으)로/JKB 이렇/VA 게/EC 말__01/NNG 하/XSV 았/EP 다/EF ./SF
617,그것/NP 은/JX 연필/NNG (으)로/JKB 긋__01/VV ᆫ/ETM 것/NNB 처럼/JKB 선명__04/NNG 하/XSA 았/EP 다/EF ./SF
618,당신/NP 월급/NNG (으)로/JKB 겨우/MAG 큰아들/NNG 하숙비/NNG 나/JC 우리/NP 먹__02/VV 으면/EC 그만/MAG 아니/VCN 에요/EF ?/SF
619,희조/NNP 는/JX 입술/NNG 을/JKO 침__01/NNG (으)로/JKB 축이/VV 며/EC 말__01/NNG 하/XSV 았/EP 다/EF ./SF
620,그/NP 는/JX 시큰/XR 하/XSA ᆫ/ETM 코__01/NNG 를/JKO 한/MM 손__01/NNG (으)로/JKB 덮/VV 었/EP 다/EF ./SF
621,그/NP 는/JX 풍금__01/NNG (으)로/JKB 나팔/NNG 을/JKO 불__01/VV 기/ETN 시작__01/NNG 하/XSV 았/EP 다/EF ./SF
622,그런/MM 것/NNB (으)로/JKB 사람/NNG 을/JKO 쏘__01/VV 는/ETM 것/NNB 이/JKC 아니/VCN 아요/EF ./SF "/SS
623,밥풀때기/NNG (으)로/JKB 맹글/VV 었/EP 단다/EF ./SF
624,아파트/NNG 분양__01/NNG 정보__06/NNG 를/JKO 팩스/NNG (으)로/JKB 받__01/VV 아/EC 보/VX ᆫ다/EF ./SF
625,떨리__01/VV 는/ETM 목소리/NNG (으)로/JKB 말__01/NNG 하/XSV 았/EP 다/EF ./SF
626,"/SS 온몸/NNG (으)로/JKB 느끼__02/VV 어/EC 지/VX 어/EC …/SE …/SE "/SS
627,상필이/NNP 가/JKS 쉬__02/VV ᆫ/ETM 목소리/NNG (으)로/JKB 우리/NP 에게/JKB 말__01/NNG 하/XSV 았/EP 다/EF ./SF
628,저/NP 는/JX 속__01/NNG (으)로/JKB 중얼거리/VV 었/EP 습니다/EF ./SF
629,나/NP 는/JX 손__01/NNG (으)로/JKB 어미__01/NNG 의/JKG 무릎/NNG 을/JKO 만지/VV 었/EP 다/EF ./SF
630,여기/NP ᆯ/JKO 창고__01/NNG (으)로/JKB 쓰__03/VV ᆯ/ETM 작정__01/NNG 이/VCP ᄇ니다/EF ./SF "/SS
631,저/NP 는/JX 머리속/NNG (으)로/JKB 그림__01/NNG 을/JKO 그리__02/VV 었/EP 습니다/EF ./SF
632,꼬마/NNG 는/JX 연신/MAG 소매__01/NNG (으)로/JKB 눈시울/NNG 을/JKO 닦__01/VV 으면서/EC 말__01/NNG 하/XSV ᆫ다/EF ./SF
633,어머니/NNG 가/JKS 팔꿈치/NNG (으)로/JKB 아버지/NNG 의/JKG 가슴__01/NNG 을/JKO 퍽__01/MAG 때리__01/VV 었/EP 다/EF ./SF
634,자몽/NNG ,/SP 귤/NNG ,/SP 오렌지/NNG (으)로/JKB 모양__02/NNG 을/JKO 내__02/VV ᆫ다/EF ./SF
635,꿀벌/NNG 은/JX 뒷걸음/NNG 질/XSN (으)로/JKB 나오/VV ᄇ니다/EF ./SF
636,똘배/NNG 는/JX 혼자소리/NNG (으)로/JKB 중얼거리/VV 어/EC 보/VX 았/EP 습니다/EF ./SF
637,밭/NNG 에서/JKB 채소/NNG (으)로/JKB 가꾸/VV ᆫ다/EF ./SF
638,시내__03/NNG 까지/JX 는/JX 차__06/NNG (으)로/JKB 1/SN 시간/NNB 걸리__01/VV ᆫ다고/EC 하/VX ᆫ다/EF ./SF
639,물품/NNG (으)로/JKB 만들/VV ᆫ/ETM 돈__01/NNG 은/JX 불편__01/NNG 하/XSA 다/EF ./SF "/SS
640,머리끝/NNG 에서/JKB 발끝/NNG 까지/JX 붉__01/VA 은/ETM 흙/NNG (으)로/JKB 푸석푸석__01/MAG 하/XSA 다/EF ./SF
641,글/NNG 은/JX 유기__03/NNG 적/XSN 이/VCP ᆫ/ETM 조직/NNG (으)로/JKB 이루어지/VV 어야/EC 하/VX ᆫ다/EF ./SF
642,한차례/NNG 심호흡/NNG (으)로/JKB 마음__01/NNG 의/JKG 긴장/NNG 을/JKO 풀/VV 었/EP 다/EF ./SF
643,"/SS 망치__01/NNG (으)로/JKB 손톱__01/NNG 을/JKO 찍__01/VV 었/EP 어/EF ./SF
644,m/SL 이/VCP 고/EC ,/SP 화강암/NNG (으)로/JKB 되__01/VV ᆫ/ETM 3/SN 층/NNG 탑__02/NNG 이/VCP 다/EF ./SF
645,"/SS 두/MM 손__01/NNG (으)로/JKB 벽__06/NNG 짚/VV 어/EF ./SF "/SS
646,그래서/MAJ 모든/MM 것/NNB ᆯ/JKO 돈__01/NNG (으)로/JKB 때우__01/VV 려고/EC 하/VX ᆫ다/EF ./SF
647,그러나/MAJ 모두__01/NNG 들/XSN 속__01/NNG (으)로/JKB ᆫ/JX 한없이/MAG 반가워하/VV 는/ETM 빛/NNG 이/VCP 었/EP 다/EF ./SF
648,다음__01/NNG 의/JKG 등장인물/NNG (으)로/JKB 옛날/NNG 이야기/NNG 를/JKO 만들/VV 어/EC 보/VX 자/EF ./SF
649,꽃밭/NNG 가__01/NNG 에/JKB 는/JX 돌__02/NNG (으)로/JKB 쌓/VV 았/EP 다/EF ./SF
650,단순__02/NNG 화/XSN 되/XSV ᆫ/ETM 모양__02/NNG 을/JKO 그리고/MAJ 칼__01/NNG (으)로/JKB 오리__01/VV 어/EC 내/VX ᆫ다/EF ./SF
651,어느새/MAG 열차__02/NNG 는/JX 굉장/XR 하/XSA ᆫ/ETM 속도__01/NNG (으)로/JKB 달려가/VV 고/EC 있/VX 었/EP 다/EF ./SF
652,물__01/NNG (으)로/JKB 깨끗이/MAG 헹구/VV ᆫ다/EF ./SF
653,상덕/NNP 은/JX 우선/MAG 눈__01/NNG (으)로/JKB 배/NNP 선생__01/NNG 부터/JX 찾아보/VV 았/EP 다/EF ./SF
654,'/SS 풀향기/NNP '/SS ;/SP 산과일/NNG (으)로/JKB 담그/VV ᆫ/ETM 과일주/NNG 가/JKS 별미/NNG
655,김/NNP 부장__07/NNG 의/JKG 목소리/NNG 는/JX 취기__03/NNG (으)로/JKB 젖__01/VV 어/EC 있/VX 었/EP 다/EF ./SF
656,다음__01/NNG 은/JX 김/NNP 행장__03/NNG 과/JKB 의/JKG 전화__07/NNG 통화__04/NNG (으)로/JKB 이루어지/VV ᆫ/ETM 일문일답/NNG 내용__02/NNG ./SF
657,우리/NP 는/JX 허리__01/NNG 를/JKO 꼿꼿이/MAG 펴/VV 고/EC 큰소리__01/NNG (으)로/JKB 답변/NNG 하/XSV 았/EP 다/EF ./SF
658,사내__01/NNG 는/JX 손수건/NNG (으)로/JKB 안경__03/NNG 밑__01/NNG 을/JKO 누르/VV 었/EP 다/EF ./SF
659,그/NP 가/JKS 엄지손가락/NNG 끝/NNG (으)로/JKB 그녀/NP 의/JKG 유두__02/NNG 를/JKO 쓸__02/VV 었/EP 다/EF ./SF
660,차분/XR 하/XSA ᆫ/ETM 목소리/NNG (으)로/JKB 수혜/NNP 가/JKS 묻__03/VV 었/EP 다/EF ./SF
661,요르단/NNP 의/JKG 수도__09/NNG 암만/NNP 에서/JKB 버스__02/NNG (으)로/JKB 스물두/NR 시간__04/NNG 걸리__01/VV ᄇ니다/EF ./SF
662,냄새/NNG (으)로/JKB 자기/NP 를/JKO 드러내/VV 어요/EF ./SF "/SS
663,마/NNP 병장__03/NNG 이/JKS 크/VA ᆫ/ETM 소리__01/NNG (으)로/JKB 말__01/NNG 하/XSV 았/EP 다/EF ./SF
664,관성__02/NNG (으)로/JKB 살__01/VV 아/EC 지/VX ᄇ디다/EF ./SF
665,아버지/NNG 는/JX 낮/VA 은/ETM 소리__01/NNG (으)로/JKB 사정사정/NNG 하/XSV 듯이/EC 말__01/NNG 하/XSV ᄇ니다/EF ./SF
666,아빠/NNG 의/JKG 봉급/NNG (으)로/JKB 생활/NNG 이/JKS 좀/MAG 어렵/VA 기/ETN 때문/NNB 이/VCP 다/EF ./SF
667,그/NP 는/JX 속__01/NNG (으)로/JKB 조용히/MAG 투덜거리/VV 었/EP 다/EF ./SF
668,신/NNP 여사__04/NNG 는/JX 의심__03/NNG 스럽/XSA 다는/ETM 눈초리/NNG (으)로/JKB 딸__01/NNG 을/JKO 쏘아보/VV 았/EP 다/EF ./SF
669,아마/MAG 손__01/NNG (으)로/JKB 잠그__01/VV 았/EP 을/ETM 것/NNB 이/VCP 다/EF ./SF
670,누구/NP 이/VCP ᆫ가/EC 혀짤배기/NNG 소리__01/NNG (으)로/JKB 이렇/VA 게/EC 말__01/NNG 하/XSV 았/EP 다/EF ./SF
671,얼굴/NNG 은/JX 책__01/NNG (으)로/JKB 가리우/VV 어/EC 지/VX 어/EC 있/VX 었/EP 습니다/EF ./SF
672,문명__03/NNG (으)로/JKB 위장__07/NNG 되/XSV ᆫ/ETM 한시적/NNG 편의__02/NNG 이/VCP ᆯ/ETM 수__02/NNB 없/VA 다/EF ./SF
673,바닷속/NNG 과/JC 육지__02/NNG 를/JKO 발__01/NNG (으)로/JKB 다니/VV 는/ETM 것/NNB 은/JX ?/SF
674,산모__02/NNG 가/JKS 응석/NNG 이/JKS 섞이/VV ᆫ/ETM 소리__01/NNG (으)로/JKB 말__01/NNG 하/XSV 았/EP 다/EF ./SF
675,속__01/NNG (으)로/JKB 번지__01/VV 는/ETM 미소__05/NNG 이/VCP 었/EP 다/EF ./SF
676,그러/VV 면서/EC 속__01/NNG (으)로/JKB 툴툴/MAG 하/XSV 았/EP 다/EF ./SF
677,그런데/MAJ 육지__02/NNG 에서/JKB 인터폰/NNG (으)로/JKB 지시__02/NNG 를/JKO 하/VV 아요/EF ?/SF
678,새롬이/NNP 는/JX 그/MM 가시__01/NNG (으)로/JKB 경화/NNP 를/JKO 찌르/VV 고/EC 싶/VX 었/EP 다/EF ./SF
679,그/NP 도/JX 작__01/VA 은/ETM 소리__01/NNG (으)로/JKB 대답/NNG 하/XSV 았/EP 다/EF ./SF
680,헛/XPN 기침__01/NNG (으)로/JKB 기척__01/NNG 을/JKO 내__02/VV 었/EP 다/EF ./SF
681,입구__02/NNG 도/JX 엘리베이터/NNG 도/JX 천장__02/NNG 도/JX 모두/MAG 유리__10/NNG (으)로/JKB 되__01/VV 어/EC 있/VX 다/EF ./SF
682,주먹/NNG (으)로/JKB 내리치__01/VV 었/EP 다/EF ./SF
683,나/NP 는/JX 그/MM 길__01/NNG 을/JKO 맨/XPN 발__01/NNG (으)로/JKB 걷__02/VV 고/EC 있/VX 었/EP 다/EF ./SF
684,절__01/NNG 은/JX 돌__02/NNG (으)로/JKB 축대/NNG 를/JKO 쌓/VV 은/ETM 11/SN ./SF 8/SN
685,글씨/NNG 도/JX 왼손/NNG (으)로/JKB 쓰__01/VV 더군요/EF ./SF
686,스페이스포트/NNG 는/JX 일반인/NNG 관람객/NNG 들/XSN (으)로/JKB 가득/MAG 차__01/VV 아/EC 있/VX 었/EP 다/EF ./SF
687,하늘/NNG 은/JX 은__04/NNG 회색__01/NNG 구름__01/NNG (으)로/JKB 가득/MAG 차__01/VV 아/EC 있/VX 다/EF ./SF
688,"/SS 만리동/NNP 아이__01/NNG 들/XSN 이/JKS 그것/NP (으)로/JKB 구경__01/NNG 을/JKO 다니/VV 더라구/EF ./SF
689,스잔/NNP 이/JKS 과장__06/NNG 되/XSV ᆫ/ETM 포즈__02/NNG (으)로/JKB 답례/NNG 를/JKO 하/VV 았/EP 다/EF ./SF
690,자가운전/NNG (으)로/JKB 지방__05/NNG 출장__01/NNG 이/JKS 잦/VA 은/ETM 차만근/NNP (/SS 36/SN ./SF 서울/NNP
691,옥수수/NNG 51/SN 퍼센트/NNB 이상__05/NNG 과/JC 보리__01/NNG (으)로/JKB 빚/VV 은/ETM 독__04/NNG 하/XSA ᆫ/ETM 위스키/NNG ./SF
692,이제__01/NNG ᆫ/JX 마음__01/NNG (으)로/JKB 그/NP 를/JKO 보내/VV 어/EC 주/VX 어/EF ./SF
693,또한/MAJ 자식__01/NNG 을/JKO 철저히/MAG 매__01/NNG 질/XSN (으)로/JKB 다스리/VV 었/EP 다/EF ./SF
694,남편__01/NNG 은/JX 중매__01/NNG (으)로/JKB 만나/VV 았/EP 습니다/EF ./SF
695,춘기/NNP 는/JX 불안__01/NNG 하/XSA ᆫ/ETM 시선__03/NNG (으)로/JKB 사방__03/NNG 을/JKO 둘러보/VV 았/EP 다/EF ./SF
696,그러나/MAJ 눈__01/NNG 은/JX 자기/NP 힘__01/NNG (으)로/JKB 뜨__05/VV 어/EC 지/VX 지/EC 않/VX 는다/EF ./SF
697,라고/JKQ 작__01/VA 은/ETM 소리__01/NNG (으)로/JKB 말__01/NNG 하/XSV 았/EP 다/EF ./SF
698,높/VA 은/ETM 소리__01/NNG (으)로/JKB ./SF
699,그/MM 돈__01/NNG (으)로/JKB 논__01/NNG 을/JKO 사/VV 았/EP 다/EF ./SF
700,내/NP 가/JKS 다시/MAG 귀엣말/NNG (으)로/JKB 재빨리/MAG 소곤거리/VV 자/EC ,/SP
701,언행/NNG (으)로/JKB 보__01/VV ᆫ/ETM 인간__01/NNG 평가__03/NNG 의/JKG 네__02/MM 가지/NNB 기준/NNG
702,두/MM 마디__01/NNG 대화__06/NNG (으)로/JKB 분위기/NNG 가/JKS 금방/MAG 가라앉/VV 았/EP 다/EF ./SF
703,체험/NNG 이/VCP 라는/ETM 것/NNB 은/JX 몸__01/NNG (으)로/JKB 직접/MAG 겪/VV 는다는/ETM 말__01/NNG 이/VCP 다/EF ./SF
704,은혼식/NNG (으)로/JKB 새로/MAG 태어나/VV ᆫ/ETM 우리/NP ./SF
705,-/SS 그럼/MAJ 무엇/NP (으)로/JKB 소일__02/NNG 을/JKO 하/VV 시/EP ᄇ니까/EF ./SF
706,온몸/NNG (으)로/JKB 하늘/NNG 을/JKO 마시/VV 는/ETM 낙엽송/NNG ./SF ^/SW
707,그/NP 는/JX 늘/MAG 독설/NNG (으)로/JKB 누구/NP 이/VCP 건/EC 씹/VV 는/ETM 사람/NNG 이/VCP 니까/EF ./SF
708,그/MM 밖/NNG 에/JKB 살충제/NNG ,/SP 국소/NNG 마취제/NNG 등/NNB (으)로/JKB 도/JX 쓰이__03/VV ᆫ다/EF ./SF
709,이거/NP ᆫ/JX 공문서/NNG (으)로/JKB 지시__02/NNG 가/JKS 내리/VV 었/EP 기/ETN 때문/NNB 이/VCP 다/EF ./SF
710,-/SS '/SS 의혈__01/NNG '/SS 의/JKG 눈__01/NNG (으)로/JKB 역사__04/NNG 인물/NNG 되짚/VV 어/EC
711,전화__07/NNG (으)로/JKB 알리/VV 어/EC 드리/VX 려고/EC 하/VX 았/EP 는데/EF ./SF "/SS
712,흰소리/NNG (으)로/JKB 야/JX 하늘/NNG 의/JKG 별/NNG 이/VCP ᆫ들/EC 못/MAG 따__01/VV 겠/EP 는가/EF ./SF
713,사진__07/NNG (으)로/JKB 보__01/VV ᆫ/ETM 그/NP 의/JKG 부인__01/NNG (/SS 박우선/NNP ./SF 70/SN )/SS 도/JX
714,■/SW 책__01/NNG (으)로/JKB 만나/VV 는/ETM 아바나/NNP ·/SP 프라하/NNP …/SE
715,어음__01/NNG 표__04/NNG 를/JKO 가만히/MAG 들여다보/VV 던/ETM 유필호/NNP 가/JKS 혼자소리/NNG (으)로/JKB ,/SP
716,한/MM 쪽__05/NNB 눈__01/NNG 만/JX (으)로/JKB 조용히/MAG 눈웃음/NNG 을/JKO 보내/VV 고/EC 있/VX 었/EP 다/EF ./SF
717,과연__01/MAG 이것/NP (으)로/JKB 되__01/VV ᆯ까/EF ?/SF
718,하고/JKQ 잠기__01/VV ᆫ/ETM 소리__01/NNG (으)로/JKB 말__01/NNG 하/XSV 았/EP 다/EF ./SF
719,"/SS 차__09/NNG 는/JX 무엇/NP (으)로/JKB 하/VV 겠/EP 어요/EF ?/SF 커피/NNG ?/SF "/SS
720,하고/JKQ 그/NP 는/JX 겨우/MAG 들리__03/VV 는/ETM 말소리/NNG (으)로/JKB 말__01/NNG 하/XSV 았/EP 다/EF ./SF
721,뛰어나/VA ᆫ/ETM 관찰__01/NNG 과/JC 감각__02/NNG (으)로/JKB 코끼리/NNG 의/JKG 형상__04/NNG 을/JKO 묘사__02/NNG 하/XSV 고/EC ,/SP
722,인기__01/NNG (으)로/JKB 먹고살/VV 는/ETM 연예인/NNG 의/JKG 속성__05/NNG 상/XSN 약혼/NNG ./SF
723,직선__01/NNG 박/VV 기/ETN (으)로/JKB 만/JX 완성__01/NNG 하/XSV 아/EC 내/VX ᆫ/ETM 식탁보/NNG ./SF
724,선돌/NNP 이/JKS 퉁퉁__01/MAG 부어오르/VV ᆫ/ETM 입/NNG (으)로/JKB ,/SP
725,적어도/MAG 라디오/NNG (으)로/JKB 듣__01/VV 기에/EC 는/JX ./SF
726,"/SS 보트/NNG (으)로/JKB 하/VV 겠/EP 어요/EF ./SF "/SS
727,뭣/NP (으)로/JKB 잡수/VV 시/EP ᆯ라요/EF ?/SF "/SS
728,"/SS 디자인/NNG (으)로/JKB 승부수/NNG 를/JKO 던지/VV ᆫ/ETM 것/NNB 이/JKS 적중__01/NNG 하/XSV 았/EP 습니다/EF ./SF
729,그/NP 야/JX 물론/MAG '/SS 말__01/NNG 과/JC 행동/NNG '/SS (으)로/JKB 하/VV ᆫ다/EF ./SF
730,그녀/NP 의/JKG 칼__01/NNG (으)로/JKB ,/SP 그녀/NP 의/JKG 심장__02/NNG 깊/VA 은/ETM 곳__01/NNG 을/JKO ./SF
731,가로수/NNG (으)로/JKB 는/JX 선악과__01/NNG 를/JKO 심__01/VV 는/ETM 거/NNB 이/VCP 야/EF ./SF
732,탄화수소/NNG 탄소__01/NNG 와/JC 수소__03/NNG 만/JX (으)로/JKB 이루__01/VV 어/EC 지/VX ᆫ/ETM 화합물/NNG ./SF
733,경제__04/NNG 가/JKS 경제__04/NNG 만/JX (으)로/JKB 굴러가/VV 는/ETM 것/NNB 이/JKS 절대/MAG 아니/VCN 다/EF ./SF
734,다람쥐/NNG 들/XSN (/SS 한/MM 목소리/NNG (으)로/JKB )/SS 그렇/VA 지/EF !/SF
735,컴퓨터/NNG 처럼/JKB 언제나/MAG 이진법/NNG 二進法/SH (으)로/JKB 자식__01/NNG 을/JKO 낳__01/VV 는다/EF ./SF
736,사람/NNG 대가리/NNG (으)로/JKB 는/JX 사랑__01/NNG 도/JX 제대로/MAG 못/MAG 하/VV 아/EF ./SF
737,깊디깊/VA 은/ETM 눈__01/NNG (으)로/JKB ./SF
738,▼/SW 축구__04/NNG 처럼/JKB 온몸/NNG (으)로/JKB 뛰__02/VV 기/ETN ᆯ/JKO ▼/SW
739,"/SS 비__01/VV ᆫ/ETM 캔/NNG (으)로/JKB 피라미드/NNG 를/JKO …/SE ./SF "/SS
